lead_id,name,phone,email,age,city,occupation,education,technical_experience,reason_for_interest,source,status,course_interest_id,created_at
1,Allison Hill,321.581.9600,williamjohnson@example.org,33,Robinsonshire,Teacher,Bachelor's,Intermediate,Career change,Partner Organization,Not Interested,10,2026-06-30
2,Sean Blake,(865)342-3511,melanie94@example.org,18,Herrerafurt,Teacher,Master's,Beginner,Employer requirement,Event,Converted,10,2026-05-03
3,Edward Fuller,(993)710-3413x164,mitchellclark@example.com,33,New Cynthiaside,Healthcare Professional,Bachelor's,Beginner,Starting a business,Referral,Converted,1,2025-12-24
4,Carla Gray,+1-783-550-3056x4139,pfoster@example.com,23,West Donald,Data Analyst,Bachelor's,Beginner,Academic interest,Advertisement,Not Interested,1,2025-12-20
5,Kimberly Burgess,(396)853-2871x01226,dcarlson@example.net,29,Tashatown,Product Manager,Master's,None,Career change,Website,Not Interested,8,2026-07-26
6,Ashley Dyer,001-645-514-6270x48281,nathanielmartin@example.net,32,New Mariotown,Software Engineer,Bachelor's,Intermediate,Academic interest,Event,Converted,9,2026-03-05
7,Jack Galloway,430-639-1171x8227,ibrandt@example.net,23,Lake Larry,Software Engineer,PhD,Intermediate,Academic interest,Social Media,Converted,5,2026-06-15
8,Marie Kim DDS,533-215-0983,zimmermanbrian@example.org,28,Port Markhaven,Software Engineer,Bachelor's,None,Starting a business,Referral,Converted,1,2026-04-27
9,Michael Lewis,(399)873-7631,rodney70@example.net,32,North Richardmouth,Business Owner,Bachelor's,Intermediate,Employer requirement,Website,Converted,8,2026-07-04
10,Ashley Lee,+1-972-362-4731,pearsonamber@example.org,21,Port Melindaburgh,Software Engineer,Bachelor's,Advanced,General curiosity,Advertisement,Not Interested,9,2026-06-07
11,John Hancock,9264064746,kennethnovak@example.net,18,Lake Leeton,Student,Bachelor's,Intermediate,Career change,Social Media,Converted,1,2026-04-22
12,Kathryn Farrell,(808)312-1913,bethwilliams@example.org,24,Sandovalshire,Product Manager,Bachelor's,Beginner,Career change,Referral,Converted,7,2026-01-30
13,Taylor Harris,001-353-346-2475x107,williamanderson@example.com,31,East Mikeburgh,Product Manager,Master's,Intermediate,Career change,Advertisement,Converted,7,2026-01-09
14,Joshua Turner,+1-680-584-1241x1824,james48@example.com,39,Rebeccaton,Finance Professional,Bachelor's,Advanced,Skill upgrade,Advertisement,Not Interested,7,2026-04-15
15,Jeff Hill,2523427868,landryhannah@example.org,27,Port Mikeside,Software Engineer,Bachelor's,Advanced,Career change,Cold Outreach,Not Interested,3,2026-06-24
16,Cameron Parker,4535315869,theresacochran@example.com,34,East Jillmouth,Product Manager,Bachelor's,Intermediate,Employer requirement,Referral,Converted,11,2026-05-19
17,Jennifer Santiago,001-534-521-6073x3754,kellerraymond@example.com,46,Port Joshuahaven,Healthcare Professional,Master's,None,Skill upgrade,Referral,Not Interested,4,2026-03-26
18,William Herrera,8147294019,samuel81@example.com,28,West Bradley,Healthcare Professional,Bachelor's,None,General curiosity,Website,Converted,12,2026-08-12
19,Joseph Drake,+1-835-661-5951x48465,jamesortega@example.com,21,New Ashley,Teacher,Bachelor's,Intermediate,Career change,Partner Organization,Converted,12,2026-05-04
20,Roy Torres,969.495.7773,campbellelizabeth@example.net,41,Clarencebury,Product Manager,Master's,Advanced,Employer requirement,Referral,Converted,12,2026-03-26
21,Courtney Gonzalez,5038791769,jross@example.net,34,Port Michelleville,Software Engineer,Other,Beginner,Skill upgrade,Cold Outreach,Not Interested,9,2026-03-17
22,Colleen Brock,001-787-908-3172x788,jrivas@example.com,34,Lake Michelle,Data Analyst,High School,Intermediate,Starting a business,Event,Not Interested,10,2026-06-22
23,Paul Larsen,387-434-7143x455,jessebenson@example.net,51,North Robert,Unemployed,Bachelor's,Beginner,General curiosity,Referral,Not Interested,12,2026-06-12
24,John Brown,(569)909-6705x46688,joshuatucker@example.com,51,Elizabethfurt,Unemployed,Bachelor's,Intermediate,Starting a business,Cold Outreach,Not Interested,6,2026-07-22
25,Sara Calhoun,+1-280-669-9016x272,dmurphy@example.com,47,Kathleenfurt,Software Engineer,Bachelor's,None,General curiosity,Cold Outreach,Not Interested,5,2026-03-31
26,Trevor Fisher,270-580-5310,maryhowell@example.org,19,South Elizabeth,Data Analyst,High School,None,Skill upgrade,Partner Organization,Not Interested,2,2026-08-04
27,Claudia Lyons,001-852-599-1241x90496,vargasmaria@example.org,35,Lake Kendraville,Business Owner,Bachelor's,Intermediate,Starting a business,Partner Organization,Converted,10,2026-01-15
28,Kylie Williams,+1-365-818-5067,cynthia72@example.com,25,Lake Aimee,Business Owner,Bachelor's,Beginner,General curiosity,Website,Converted,12,2026-05-12
29,Lisa Gillespie,001-877-769-4531x47379,snydermark@example.com,22,West Lauren,Unemployed,Master's,Intermediate,Employer requirement,Advertisement,Converted,10,2026-01-30
30,Spencer Haynes,980-983-1367x837,davisjeffrey@example.net,29,West Elizabeth,Marketing Professional,Master's,Beginner,Career change,Website,Not Interested,11,2026-03-24
31,Juan Cooper,001-485-557-4443x1351,joannahill@example.net,18,Tinaborough,Business Owner,Bachelor's,Beginner,Academic interest,Social Media,Not Interested,3,2026-03-05
32,Isaac Turner,001-682-940-0842x710,lalexander@example.org,47,Shelleyfort,Other,Bachelor's,Beginner,General curiosity,Partner Organization,Not Interested,9,2026-04-06
33,Austin Vasquez,001-802-529-4131,chayes@example.com,32,Torreston,Student,Bachelor's,Intermediate,Skill upgrade,Advertisement,Not Interested,7,2026-03-03
34,Natalie Meza,434.212.3281,mhayes@example.com,48,Antonioport,Software Engineer,High School,Advanced,Starting a business,Website,Not Interested,8,2026-05-11
35,Michele Gibson,+1-434-693-6183x24210,scott74@example.net,37,Benderhaven,Student,Master's,Advanced,Skill upgrade,Partner Organization,Not Interested,8,2026-03-28
36,Jessica George,(959)940-1399x04902,howard96@example.net,42,Costafort,Software Engineer,Bachelor's,Beginner,Starting a business,Event,Not Interested,3,2026-04-14
37,Gary Santiago,(356)774-6807,marcus68@example.org,18,Gutierrezborough,Healthcare Professional,PhD,None,Career change,Partner Organization,Converted,6,2026-07-26
38,Lisa Jimenez,503.448.2477x109,andrea86@example.org,34,Port Robin,Healthcare Professional,Master's,Beginner,Academic interest,Event,Converted,10,2026-06-02
39,Bruce Collier,448.346.7737x8263,kendra65@example.net,45,Loriport,Product Manager,Bachelor's,Advanced,Starting a business,Advertisement,Not Interested,12,2026-04-23
40,Sara Carpenter,+1-572-878-7558x86753,melissajenkins@example.com,39,Thorntonfurt,Teacher,High School,Intermediate,General curiosity,Advertisement,Not Interested,1,2026-08-09
41,Matthew Hoover,(370)928-9517,bowenrobert@example.net,32,North Terrance,Business Owner,Bachelor's,Intermediate,Skill upgrade,Cold Outreach,Not Interested,9,2026-04-28
42,Gina Schwartz,+1-515-386-5780x9134,wgood@example.net,34,South Garrettport,Other,High School,Advanced,Career change,Cold Outreach,Not Interested,7,2026-08-06
43,Amber Flynn,855-562-3869x2221,jdurham@example.org,33,Littlemouth,Unemployed,High School,Advanced,Career change,Social Media,Not Interested,2,2026-06-20
44,Adam Ballard,882-917-5946x4743,youngashley@example.net,28,Victoriaport,Data Analyst,Master's,None,Career change,Website,Converted,10,2025-12-24
45,Ronald Foster,5905974395,erica21@example.net,38,West Kristinaton,Student,PhD,Intermediate,General curiosity,Advertisement,Converted,3,2026-04-29
46,Morgan Davis,956-623-2858x8424,linda71@example.org,32,Port Erica,Healthcare Professional,Master's,None,Starting a business,Partner Organization,Converted,7,2026-07-24
47,Jennifer Singleton,+1-751-660-4817,xcarson@example.org,22,South Angel,Student,High School,Advanced,Academic interest,Advertisement,Converted,7,2026-02-13
48,Kristina Herman,617.946.1200,davispaige@example.org,30,Chavezside,Healthcare Professional,Bachelor's,None,Skill upgrade,Cold Outreach,Not Interested,7,2026-04-09
49,Patrick Moore,(717)796-4053x77351,sandersjames@example.org,29,Davisborough,Marketing Professional,PhD,None,Employer requirement,Advertisement,Converted,9,2026-05-12
50,Linda Smith,232-693-1839x33529,vanessafernandez@example.org,24,Lake Michelleberg,Other,Master's,Intermediate,Academic interest,Social Media,Not Interested,2,2026-05-10
51,Richard Young,302-940-2681x17758,soniawilliams@example.net,27,Stephentown,Product Manager,Bachelor's,Beginner,Career change,Social Media,Not Interested,8,2026-03-28
52,John Morales,+1-717-871-1592x12499,shawn96@example.org,29,Port Dianaside,Data Analyst,Master's,Beginner,Starting a business,Referral,Not Interested,9,2026-04-07
53,Cindy Hayes,765.676.6156,stephanie71@example.org,34,North Ryanstad,Product Manager,Master's,Advanced,Career change,Cold Outreach,Converted,7,2026-06-13
54,Kristie Willis,+1-685-716-5604,lanejason@example.net,37,Walkerville,Marketing Professional,High School,Intermediate,Starting a business,Website,Converted,5,2026-04-21
55,Justin Wilson,493-668-9980x940,sandra50@example.org,18,New Diane,Student,Master's,Beginner,Starting a business,Social Media,Converted,11,2026-04-17
56,Patrick Bonilla,683-766-7525,wareeric@example.net,26,Lake Christophermouth,Healthcare Professional,Master's,Intermediate,Starting a business,Referral,Converted,6,2026-03-08
57,Karla Ramos,238-515-6149x784,djoyce@example.org,40,West Sierra,Software Engineer,Other,Beginner,Skill upgrade,Partner Organization,Converted,9,2026-04-18
58,Pamela Roberts,707-362-2683,chensley@example.com,34,South Samanthamouth,Healthcare Professional,Bachelor's,None,Skill upgrade,Social Media,Converted,11,2026-03-18
59,Laura Mckinney,(841)860-5297x51613,fosterkyle@example.com,18,West Kimberly,Finance Professional,High School,None,General curiosity,Partner Organization,Not Interested,12,2026-05-11
60,Mark Schmidt,455.423.1243,thompsonkendra@example.com,30,Webstershire,Healthcare Professional,High School,Beginner,Employer requirement,Cold Outreach,Not Interested,9,2026-05-27
61,Thomas Cunningham,+1-795-352-7177x4490,steven00@example.com,50,Chaseland,Healthcare Professional,Bachelor's,Advanced,Skill upgrade,Advertisement,Not Interested,7,2026-03-30
62,Katie Ford,+1-407-293-5978,vgarcia@example.net,27,New Debbieton,Other,High School,Beginner,General curiosity,Advertisement,Not Interested,6,2026-03-18
63,Jeffrey Gonzales,392.855.4665x90515,johnathan92@example.com,30,New Elizabethstad,Data Analyst,PhD,Beginner,Academic interest,Referral,Converted,4,2026-05-09
64,Matthew Bates,(391)848-6528,andrew42@example.org,44,Staceyfort,Other,Bachelor's,Intermediate,Employer requirement,Cold Outreach,Not Interested,9,2026-03-20
65,Zachary Moore,418-488-0592x9622,xwilliams@example.net,22,South Cheryl,Healthcare Professional,High School,Intermediate,Academic interest,Advertisement,Not Interested,10,2026-04-06
66,Rachel Young,847.835.9774,lisasolis@example.org,34,Brettfort,Other,Master's,Intermediate,Employer requirement,Referral,Converted,2,2026-04-17
67,Kristen Garcia,214.812.4782x61375,sandersnathaniel@example.com,18,West Jeffreymouth,Marketing Professional,Bachelor's,Intermediate,Employer requirement,Website,Not Interested,11,2026-06-14
68,Sara Santos,(220)347-2779,scottmary@example.net,38,Rodriguezport,Other,High School,Beginner,Career change,Referral,Converted,12,2026-07-21
69,Bryan Allen,+1-697-811-7980x8932,mendezjohn@example.com,38,Lake Elizabeth,Software Engineer,High School,None,Employer requirement,Social Media,Not Interested,10,2026-01-23
70,Heather Ashley,+1-788-680-6706,kellycarlos@example.org,36,Port Bonniemouth,Teacher,Bachelor's,Advanced,Employer requirement,Advertisement,Not Interested,4,2026-04-13
71,Harold Morgan,+1-227-772-2170x4303,zachary87@example.com,54,Port Deborahport,Business Owner,Bachelor's,Beginner,Academic interest,Website,Converted,5,2026-06-12
72,Richard Glenn,641-356-6765x27758,mmiller@example.org,38,Manuelland,Healthcare Professional,Other,Beginner,Academic interest,Event,Not Interested,2,2026-07-15
73,Edward Griffin,001-362-875-7059x640,william20@example.org,18,Johnsonland,Teacher,Bachelor's,Advanced,Skill upgrade,Event,Converted,11,2026-07-28
74,Matthew Cox,001-409-727-5571,redwards@example.org,33,North Jillfort,Business Owner,Bachelor's,Beginner,General curiosity,Cold Outreach,Not Interested,4,2025-12-24
75,Susan Wilson,001-347-739-4731x21727,jenna88@example.com,31,Melissaburgh,Unemployed,Bachelor's,Beginner,General curiosity,Referral,Not Interested,4,2026-04-11
76,Katie Martinez,923.470.5895,jonesraymond@example.net,25,Foxchester,Teacher,Bachelor's,Beginner,Skill upgrade,Social Media,Converted,8,2026-06-17
77,Angela Compton,+1-217-378-5289x2268,kevinmartin@example.net,43,West Stacey,Marketing Professional,Master's,Intermediate,Starting a business,Cold Outreach,Converted,11,2026-07-06
78,Diane Miller,484.424.9818,donnale@example.net,34,Meganshire,Other,Bachelor's,None,General curiosity,Cold Outreach,Converted,4,2026-08-04
79,Scott Miller,+1-594-839-6907x8447,shawn02@example.com,42,Washingtonborough,Marketing Professional,High School,None,Employer requirement,Referral,Converted,4,2026-05-01
80,Charles Hensley,556-425-8815x37147,williamssonia@example.net,31,Wrightburgh,Business Owner,High School,Intermediate,Career change,Website,Converted,3,2026-08-09
81,Taylor Griffith,327.887.7470,nlevy@example.net,31,Brandonport,Unemployed,Bachelor's,None,General curiosity,Event,Not Interested,6,2026-02-19
82,Stephen Pena MD,+1-201-862-4565,hudsonjames@example.net,38,Charleshaven,Unemployed,High School,Beginner,Starting a business,Social Media,Converted,4,2026-07-11
83,Joshua Bryan,+1-891-221-6558x523,williamsjennifer@example.com,39,Hernandezhaven,Marketing Professional,High School,Intermediate,Skill upgrade,Website,Not Interested,12,2026-04-02
84,Timothy Flores,(794)795-8887x9470,whitneybrandy@example.net,40,New Thomasshire,Student,Master's,None,General curiosity,Partner Organization,Not Interested,6,2026-06-18
85,Mikayla Silva,(589)262-3091,jedwards@example.com,22,South Warren,Student,Master's,Advanced,Academic interest,Partner Organization,Converted,12,2026-02-02
86,Kaitlyn Charles,001-702-783-8578x6527,chelsea33@example.com,38,Jeffreyport,Healthcare Professional,High School,None,Academic interest,Referral,Not Interested,8,2026-08-12
87,Michele Vaughn,457.658.4419x8665,robertsjennifer@example.com,47,Douglasfort,Teacher,Bachelor's,Advanced,Career change,Advertisement,Converted,11,2026-03-09
88,Ronald Nelson,+1-542-519-9330,garciamark@example.com,31,Lake Kellitown,Other,High School,Advanced,Employer requirement,Advertisement,Not Interested,2,2026-07-26
89,Vanessa Moore,+1-477-834-5401x9380,sarahjohnson@example.com,30,Lopezport,Teacher,Master's,Beginner,Career change,Event,Converted,11,2026-03-27
90,Alexandra Bradley,954-678-8728,lisarivera@example.net,41,Wongburgh,Finance Professional,Master's,Beginner,Employer requirement,Social Media,Not Interested,11,2026-04-06
91,George Phillips,+1-732-596-6851x61227,greenjoe@example.com,41,Kevinshire,Teacher,Master's,Advanced,Career change,Referral,Converted,7,2026-08-08
92,Matthew Schwartz,6177426841,jeffreyanderson@example.org,34,Adkinsstad,Software Engineer,Bachelor's,Intermediate,Academic interest,Social Media,Converted,12,2026-03-06
93,Joshua Ruiz,+1-333-391-8785,poolerebecca@example.org,18,East Mark,Data Analyst,Master's,Intermediate,Employer requirement,Referral,Converted,3,2026-03-13
94,Audrey Harris,001-871-987-0728,hansenemily@example.com,28,South Jonathantown,Software Engineer,Master's,Intermediate,Employer requirement,Website,Converted,6,2026-04-29
95,Laura Williams,(718)801-7046x226,ykane@example.com,31,Lake Tamaraside,Teacher,Bachelor's,Beginner,Academic interest,Advertisement,Converted,10,2026-08-14
96,Scott Wilson,+1-868-823-0047,johnreed@example.com,32,Lake Kathy,Data Analyst,Bachelor's,None,Skill upgrade,Social Media,Converted,1,2026-08-11
97,Matthew Mendez,2335119079,moralesjimmy@example.org,32,East Williamport,Healthcare Professional,Bachelor's,None,General curiosity,Social Media,Not Interested,6,2026-04-29
98,Thomas Johnston,001-695-634-2836,hawkinsbrittany@example.net,34,Lake Erika,Data Analyst,Bachelor's,Advanced,Employer requirement,Advertisement,Not Interested,4,2026-04-20
99,Amber Cooper,+1-568-656-6246x2873,lindamelendez@example.net,31,Faulknerside,Product Manager,Master's,Advanced,Career change,Cold Outreach,Not Interested,2,2026-03-28
100,Jasmine Scott,517-551-8304x69901,vclark@example.com,34,East Sharonville,Business Owner,Bachelor's,Beginner,Career change,Partner Organization,Not Interested,1,2026-01-26
101,Nicole Rocha,001-693-663-8546x785,william77@example.org,32,Gillmouth,Software Engineer,Bachelor's,Intermediate,Academic interest,Advertisement,Not Interested,7,2026-01-25
102,Jacqueline Gutierrez,001-632-404-8996,markjames@example.org,35,Piercemouth,Student,Master's,Intermediate,Skill upgrade,Advertisement,Not Interested,5,2026-01-03
103,Roberto Levy,+1-277-325-2287x2808,duranrobert@example.net,32,North Jasmine,Software Engineer,Master's,None,Employer requirement,Referral,Converted,9,2026-01-18
104,Jonathan Brooks,+1-697-670-0886x008,shawheidi@example.com,36,North Samantha,Product Manager,Bachelor's,None,Skill upgrade,Social Media,Not Interested,9,2026-08-16
105,Daisy Harvey,354-261-5679x334,sullivannicholas@example.com,30,Lake Albertburgh,Business Owner,Bachelor's,Beginner,Employer requirement,Partner Organization,Converted,10,2026-05-04
106,Ryan Newman,291-480-3397x40148,alexis39@example.org,34,Hickmanport,Software Engineer,Bachelor's,None,Skill upgrade,Cold Outreach,Not Interested,12,2026-08-09
107,David Davenport,(785)862-1850x1631,anthony47@example.com,36,West Angela,Product Manager,Bachelor's,Beginner,Employer requirement,Event,Not Interested,1,2026-07-13
108,Cody Willis,(719)343-1142x6265,smithkyle@example.com,18,Curtisland,Unemployed,Bachelor's,None,General curiosity,Advertisement,Not Interested,10,2026-05-27
109,Jerry Peters,(810)315-8199x56046,ashleyjackson@example.com,52,East Joseph,Healthcare Professional,Master's,Intermediate,Starting a business,Social Media,Converted,1,2026-06-09
110,Charles Jackson,964-371-5437x993,kevinrush@example.com,25,Brockmouth,Product Manager,Bachelor's,None,Academic interest,Social Media,Not Interested,4,2026-07-11
111,Jeffrey Colon,+1-992-545-9375x2654,nicholas65@example.org,23,New Wendy,Product Manager,Master's,Beginner,Employer requirement,Advertisement,Not Interested,12,2026-03-26
112,Randall Johnson,001-873-874-1672x4342,colecarla@example.net,34,Fergusonchester,Product Manager,Master's,Intermediate,Employer requirement,Website,Not Interested,7,2026-02-18
113,Rachel Ward,+1-891-713-5290,grodriguez@example.com,37,New Julie,Software Engineer,Bachelor's,Intermediate,Skill upgrade,Referral,Converted,9,2026-01-01
114,Melissa Walker,(367)398-2507x146,michaelcooper@example.org,33,Baileyville,Data Analyst,PhD,Beginner,Employer requirement,Referral,Converted,5,2026-05-26
115,Michael Flores,801-905-1238x2825,laurensoto@example.org,28,Fosterborough,Unemployed,Master's,None,Skill upgrade,Partner Organization,Not Interested,2,2026-06-30
116,Jeffrey Smith,734.519.1825,qwilson@example.com,22,Candicefurt,Data Analyst,High School,Beginner,Starting a business,Website,Not Interested,10,2026-01-09
117,Hannah Bruce,+1-424-799-1251x341,williambarnes@example.org,35,Hendersonfort,Healthcare Professional,Bachelor's,Intermediate,General curiosity,Advertisement,Not Interested,11,2026-03-23
118,Melissa Brewer,(282)774-2257,washingtonjames@example.com,42,Ortizfort,Product Manager,Bachelor's,Intermediate,Employer requirement,Website,Not Interested,1,2025-12-29
119,Ryan Burns,690-434-0438,xcunningham@example.com,26,New Dannyside,Product Manager,PhD,Intermediate,Skill upgrade,Partner Organization,Converted,8,2026-04-08
120,Holly Carson,9786361340,michelle17@example.org,36,East Lisa,Student,Master's,Advanced,Starting a business,Cold Outreach,Not Interested,5,2026-02-14
121,Heather Page,+1-462-792-3309x5849,keith48@example.net,45,East Sydneychester,Marketing Professional,Master's,Beginner,Skill upgrade,Social Media,Converted,8,2026-06-09
122,Wendy Camacho,(623)825-3672,ohayes@example.org,31,Robertsonview,Software Engineer,Bachelor's,Intermediate,Career change,Partner Organization,Not Interested,7,2026-03-24
123,Sherry Gibson,959.601.7518x6363,maria58@example.net,29,New Melissa,Other,Other,None,Career change,Website,Not Interested,2,2026-05-07
124,Stephanie Farmer,8175012770,nicoleturner@example.com,34,Lake Michaelland,Other,High School,Intermediate,Skill upgrade,Social Media,Not Interested,4,2026-04-30
125,Steven Martin,(943)261-1037x1293,dominguezlisa@example.com,18,South Chad,Marketing Professional,Bachelor's,Beginner,Employer requirement,Social Media,Converted,2,2026-04-18
126,Nicholas Garcia,754-526-2218x90927,samanthajensen@example.com,46,North Peggy,Product Manager,Master's,Advanced,Skill upgrade,Referral,Converted,12,2026-04-28
127,Bryce Blair,(665)223-4138x999,jamie98@example.org,19,Phillipston,Business Owner,Master's,Beginner,Skill upgrade,Social Media,Not Interested,9,2026-02-18
128,Rebecca Allen,(813)779-1805x5269,kathrynbest@example.org,32,New Carlosview,Unemployed,Master's,None,Skill upgrade,Social Media,Converted,3,2026-04-16
129,Thomas Fry,(384)686-6618x8924,dixonjames@example.org,30,Peterland,Healthcare Professional,Master's,Intermediate,Academic interest,Social Media,Not Interested,11,2026-06-13
130,Jeffrey Ashley,203.616.1799,davidzimmerman@example.net,29,East Tylerstad,Business Owner,Master's,None,Academic interest,Event,Not Interested,10,2026-02-20
131,Rachel Le,(352)641-0564,crawfordwilliam@example.org,32,Villarrealburgh,Marketing Professional,Bachelor's,Beginner,Academic interest,Social Media,Not Interested,3,2025-12-29
132,David Garcia,001-913-780-0030,lmora@example.org,36,Walkerbury,Student,Bachelor's,None,Starting a business,Website,Converted,2,2026-05-13
133,Nathan Nelson,295-818-0238,wileymichelle@example.com,32,Christophermouth,Business Owner,Other,Intermediate,Skill upgrade,Advertisement,Converted,8,2026-06-25
134,Curtis Elliott,293-575-9738x3206,cynthia05@example.org,54,Sweeneyport,Marketing Professional,Master's,None,Career change,Cold Outreach,Not Interested,9,2026-03-25
135,Joseph Allen,302.441.0386x5719,kjones@example.org,31,Batesberg,Business Owner,Master's,Beginner,Career change,Referral,Converted,4,2026-07-09
136,Dean Edwards,(455)974-3132x9121,hedwards@example.net,31,Tamiborough,Student,Bachelor's,Advanced,Starting a business,Advertisement,Not Interested,11,2026-07-25
137,John Phelps,524-790-3521,rpalmer@example.com,41,Loriburgh,Product Manager,PhD,None,Skill upgrade,Event,Not Interested,6,2026-03-29
138,Jared Chavez,001-883-717-1210x0323,aguilarjonathan@example.org,22,North Jamesmouth,Data Analyst,Bachelor's,Beginner,Employer requirement,Social Media,Not Interested,1,2026-07-04
139,Anna Boone,710-570-2966x70662,joshuagriffin@example.org,25,New Christinebury,Product Manager,High School,Beginner,Skill upgrade,Cold Outreach,Not Interested,4,2026-03-23
140,Kathleen Andrade,701.946.2638x3806,kcooper@example.net,18,Paulburgh,Other,High School,None,Academic interest,Advertisement,Not Interested,1,2025-12-28
141,Kyle Johnson,001-240-578-5932x13348,lkelly@example.org,43,New Louis,Business Owner,Bachelor's,Advanced,Career change,Social Media,Not Interested,10,2026-05-12
142,Heather Vargas,001-259-392-9378x427,halljeffery@example.net,37,Smithborough,Finance Professional,Bachelor's,Advanced,Skill upgrade,Event,Converted,2,2026-02-07
143,Gina Thompson,700-629-2185x15691,derek26@example.net,45,Banksburgh,Data Analyst,Master's,Beginner,Employer requirement,Referral,Converted,3,2026-02-05
144,Kristina Preston,+1-853-292-6442x209,carriemccall@example.net,18,Lake Ariana,Business Owner,Bachelor's,Beginner,Academic interest,Event,Not Interested,9,2026-05-20
145,Brenda Mcgee,555.521.5704,bellkristin@example.net,38,North Paulchester,Product Manager,Bachelor's,None,Career change,Event,Converted,4,2026-02-24
146,Stacey Snyder,(258)761-7932x7104,stephanie15@example.org,24,Martinland,Software Engineer,PhD,Beginner,Starting a business,Cold Outreach,Converted,7,2026-08-04
147,Stephanie Davis,+1-597-506-2962x015,uterry@example.net,26,Donnaport,Student,Master's,Beginner,Career change,Referral,Not Interested,12,2026-02-19
148,Anthony Armstrong,520.450.6149x7310,tiffany71@example.com,32,Ruizview,Marketing Professional,Master's,Beginner,General curiosity,Cold Outreach,Converted,3,2026-08-03
149,Joshua Lopez,(452)370-4774x3490,barnettlindsey@example.com,34,New Bruce,Marketing Professional,Other,Advanced,Starting a business,Partner Organization,Not Interested,2,2025-12-29
150,Joseph Sheppard,+1-479-337-4160x89899,kthompson@example.org,18,East Brad,Data Analyst,Master's,Beginner,Employer requirement,Advertisement,Not Interested,11,2025-12-24
151,Michael Harris,+1-929-245-1168x6854,jrodriguez@example.org,28,North Annaville,Business Owner,High School,Intermediate,Skill upgrade,Partner Organization,Converted,12,2026-02-22
152,Sharon Beard,(846)279-9702x46299,vpreston@example.net,42,North Julie,Marketing Professional,Bachelor's,Intermediate,Career change,Referral,Converted,7,2026-03-30
153,Stephanie Smith,344-571-3247x5469,alewis@example.net,38,Malonestad,Software Engineer,Bachelor's,None,Employer requirement,Cold Outreach,Not Interested,6,2026-05-09
154,Kaylee Moore,986-228-9023x3030,janet45@example.com,36,Reidville,Unemployed,Master's,Intermediate,Employer requirement,Referral,Converted,12,2026-05-06
155,Dana Burns,827.298.5524x140,melissachan@example.org,34,Lake Jeffrey,Marketing Professional,Master's,Beginner,General curiosity,Referral,Not Interested,7,2026-08-06
156,Matthew Palmer,001-707-922-9034x94466,jeffery48@example.net,38,Silvatown,Software Engineer,Master's,None,Starting a business,Event,Not Interested,11,2026-02-28
157,Mary Bridges,(689)694-4171x545,jacob83@example.org,28,Guerreroberg,Product Manager,High School,Advanced,Skill upgrade,Partner Organization,Not Interested,5,2026-07-02
158,Mary Bright,766-660-9935x387,marywalter@example.org,43,Connorberg,Software Engineer,Master's,Intermediate,Career change,Cold Outreach,Not Interested,3,2026-03-19
159,Molly Hansen,(751)635-3465,steven17@example.org,35,South Pamelahaven,Other,Bachelor's,Beginner,General curiosity,Social Media,Converted,2,2025-12-26
160,Michael Moreno,(702)423-5697x25217,cynthia07@example.com,32,Port Kim,Finance Professional,High School,None,Starting a business,Partner Organization,Not Interested,6,2026-05-01
161,Brooke Glover,001-712-296-6667x60083,katherine83@example.org,36,Lake Jessicabury,Student,Bachelor's,Advanced,Starting a business,Social Media,Not Interested,2,2026-01-19
162,Haley Anderson,(789)842-1044x7898,matthewvalenzuela@example.com,42,East Stacy,Other,High School,None,Career change,Social Media,Not Interested,12,2026-07-01
163,Jennifer Perez,001-223-209-8215x0648,valdezandrew@example.net,31,South Seanville,Marketing Professional,Bachelor's,Intermediate,General curiosity,Advertisement,Not Interested,4,2026-07-17
164,Kara Hernandez,001-304-661-8499x261,glovertyler@example.net,24,Port Jose,Finance Professional,Bachelor's,Beginner,General curiosity,Partner Organization,Not Interested,5,2026-05-18
165,Christina Warner,920-487-3753x0011,chancharles@example.net,44,West Dawnmouth,Data Analyst,Master's,Intermediate,Career change,Event,Converted,6,2026-01-12
166,Elizabeth Marshall MD,(204)455-6110,markkline@example.net,18,Natalieland,Software Engineer,Bachelor's,Beginner,General curiosity,Event,Not Interested,10,2026-04-15
167,Grant Wilson,(974)967-6212x0216,cherylmaxwell@example.net,26,Port Gabrielleberg,Data Analyst,High School,Beginner,Skill upgrade,Partner Organization,Not Interested,6,2026-03-16
168,Mr. Stephen Alexander,345-808-9935,timothyalvarado@example.net,29,Hernandezside,Marketing Professional,Bachelor's,None,Starting a business,Partner Organization,Not Interested,1,2026-01-12
169,Lisa Smith,(787)672-1753,hunterandrea@example.com,30,Montoyaland,Product Manager,Master's,Intermediate,Academic interest,Event,Not Interested,6,2026-03-10
170,Robert West,375.617.0166x0880,diamondbryant@example.com,36,Marciabury,Business Owner,Master's,Beginner,Career change,Partner Organization,Converted,9,2026-03-26
171,Evelyn Saunders,+1-775-371-1305x548,princetravis@example.net,18,Rodriguezborough,Finance Professional,PhD,Beginner,Employer requirement,Website,Converted,5,2026-06-10
172,Timothy Long,435.916.0917x798,morenobrandon@example.com,34,Glassburgh,Unemployed,Master's,None,Starting a business,Referral,Converted,3,2026-05-15
173,Carrie Ochoa,569-695-8669,sstuart@example.com,22,East Robert,Finance Professional,High School,Beginner,Skill upgrade,Partner Organization,Not Interested,9,2026-06-28
174,Nicole Evans,001-785-383-3394x522,anna99@example.net,26,Craigside,Software Engineer,Bachelor's,Beginner,Skill upgrade,Social Media,Converted,6,2026-04-26
175,Ryan Stokes,610.562.0034x24420,howardshaun@example.net,32,Lake Deborah,Unemployed,Bachelor's,Beginner,Academic interest,Cold Outreach,Not Interested,10,2026-06-21
176,Jorge Robles,001-940-566-6580x043,kari89@example.org,29,West Shane,Marketing Professional,Master's,Advanced,Academic interest,Advertisement,Not Interested,5,2026-04-17
177,Mrs. Tonya Moss,660-264-8422,steven20@example.org,41,Candiceport,Finance Professional,High School,None,Academic interest,Event,Not Interested,10,2026-04-20
178,Kenneth Howard DDS,583-528-1826x88615,mark43@example.net,21,Barajastown,Finance Professional,High School,None,Skill upgrade,Partner Organization,Not Interested,10,2026-03-09
179,Gregory Allen,+1-799-930-5616x4840,pwilliams@example.org,29,Willieville,Healthcare Professional,Bachelor's,Beginner,Skill upgrade,Partner Organization,Converted,11,2026-03-24
180,Tyler Medina,3134361386,stevensmartin@example.org,18,North Gregoryview,Healthcare Professional,High School,Advanced,Academic interest,Website,Converted,7,2026-01-28
181,Laura Perez,366-276-6506x180,howardwesley@example.com,28,Catherineport,Other,High School,Intermediate,Starting a business,Referral,Not Interested,3,2026-06-21
182,Jessica Foster,+1-407-328-3268x42450,smithcandice@example.net,38,West Jasonstad,Data Analyst,Bachelor's,Beginner,Starting a business,Partner Organization,Converted,7,2026-02-20
183,Taylor York,(222)939-4312,robertscarlos@example.org,18,Lake Beverly,Finance Professional,High School,None,General curiosity,Event,Converted,7,2026-07-14
184,Heather Lambert,714.691.3577,arianadiaz@example.com,23,Jacksonmouth,Data Analyst,Bachelor's,Beginner,Starting a business,Cold Outreach,Not Interested,3,2026-07-15
185,Daniel Singh,(345)625-7775x47812,patriciagonzalez@example.net,36,Lake Charlestown,Student,Bachelor's,Advanced,Skill upgrade,Cold Outreach,Converted,12,2026-02-22
186,Lynn Hess,001-969-430-8488,philip94@example.org,44,Masonland,Data Analyst,Bachelor's,Intermediate,General curiosity,Event,Converted,6,2026-02-05
187,Jonathan Bates,+1-228-527-2299x275,qhall@example.com,36,North Elizabeth,Finance Professional,Bachelor's,Intermediate,Academic interest,Social Media,Not Interested,4,2026-08-08
188,Rebecca Hughes,800.851.8449x892,briana18@example.com,42,Kaufmanbury,Healthcare Professional,PhD,Intermediate,Skill upgrade,Partner Organization,Converted,6,2026-01-23
189,Heather Parrish,479.408.2723x1843,michaellove@example.org,31,South Lisa,Healthcare Professional,Master's,Advanced,Career change,Partner Organization,Converted,7,2026-07-03
190,Karen Mendoza,492.460.3029,macdonalddylan@example.org,27,Sandrahaven,Healthcare Professional,High School,None,Skill upgrade,Event,Not Interested,2,2026-01-23
191,Linda Elliott,5418379772,laurahoover@example.org,25,Garymouth,Healthcare Professional,PhD,None,Starting a business,Referral,Converted,5,2026-03-07
192,Linda Jones,(962)210-3886x2912,davisdonna@example.net,33,Port Erikachester,Product Manager,Other,Beginner,Employer requirement,Advertisement,Converted,10,2026-04-25
193,Jacqueline Williams,363.676.5991x62473,ascott@example.net,25,New Alexandrahaven,Marketing Professional,Bachelor's,Advanced,General curiosity,Partner Organization,Converted,5,2026-06-05
194,Matthew Watts,665-812-6944x86959,robertbowers@example.com,29,West Angie,Product Manager,Bachelor's,Intermediate,Employer requirement,Advertisement,Converted,8,2026-04-20
195,Dr. Kenneth Schroeder,(221)437-2138x6589,aoconnell@example.org,39,South Sara,Marketing Professional,High School,Intermediate,Skill upgrade,Event,Converted,11,2026-01-21
196,Austin Walker,290-466-9849,mgonzales@example.net,18,Jameshaven,Business Owner,High School,Advanced,Starting a business,Website,Not Interested,7,2026-03-17
197,Crystal Jackson,8538021465,aprilmclaughlin@example.org,27,New Justinside,Marketing Professional,Master's,None,Career change,Cold Outreach,Not Interested,2,2025-12-26
198,Hannah Richmond,339-337-6904x268,matthew18@example.com,30,Heatherfurt,Teacher,Other,Advanced,General curiosity,Partner Organization,Converted,7,2026-05-29
199,Patricia Todd,001-777-290-7141x63356,john16@example.net,49,Charlesburgh,Marketing Professional,High School,None,Starting a business,Partner Organization,Not Interested,2,2026-03-30
200,Hayden Shannon,723-473-3343x333,wilsonchristian@example.net,31,Austinside,Unemployed,Bachelor's,Intermediate,Academic interest,Event,Converted,5,2026-07-31
201,Sarah Watson,879-947-2846x39208,shawphillip@example.net,45,South Tiffany,Software Engineer,Master's,Beginner,General curiosity,Advertisement,Converted,6,2026-01-17
202,Julia Norris,4366915594,josephmullen@example.com,26,Ivanchester,Teacher,Bachelor's,Beginner,Skill upgrade,Referral,Converted,6,2026-05-02
203,Michael Watson,(847)529-2931x4386,laurenrodgers@example.com,25,East Robertberg,Teacher,Master's,None,Starting a business,Event,Converted,4,2025-12-20
204,Sarah Holmes DDS,344.989.0612x0347,jordan58@example.net,29,Mauricechester,Data Analyst,Bachelor's,Intermediate,General curiosity,Event,Converted,10,2026-02-24
205,Sean Mccarty,999.982.4558,jamesjustin@example.net,45,Port Gary,Finance Professional,High School,Beginner,Starting a business,Event,Not Interested,8,2026-04-05
206,Gail Welch,001-661-612-5355,cnelson@example.com,41,Gutierrezburgh,Business Owner,Bachelor's,None,Skill upgrade,Social Media,Not Interested,6,2026-07-25
207,Beth Young,813-326-1117x800,bakereric@example.net,18,Parkerbury,Healthcare Professional,High School,Beginner,General curiosity,Social Media,Not Interested,5,2026-05-12
208,Jessica Martinez,420.905.5778x48728,omills@example.net,35,Reginafort,Product Manager,Master's,Beginner,Starting a business,Social Media,Converted,8,2026-06-22
209,Regina Ramos,(264)924-0082x547,xevans@example.com,18,Carlatown,Teacher,Bachelor's,Beginner,Skill upgrade,Advertisement,Not Interested,10,2026-03-30
210,Chelsea Khan,(663)626-6341x63894,elopez@example.org,29,West Daniel,Marketing Professional,Master's,Advanced,Skill upgrade,Social Media,Not Interested,2,2026-06-24
211,Jesse Graves,935.202.0802x1442,christophersmith@example.org,39,Robertfort,Other,Other,Advanced,General curiosity,Advertisement,Not Interested,4,2026-02-06
212,Mrs. Raven Rivera DVM,(604)861-8723,martinezkayla@example.org,37,Wisemouth,Finance Professional,Bachelor's,Intermediate,Academic interest,Referral,Converted,8,2026-05-07
213,Zachary Gonzalez,001-618-937-6452x0881,james03@example.org,20,Lake Ryan,Unemployed,Bachelor's,Intermediate,General curiosity,Event,Not Interested,7,2026-07-21
214,Robert Richards,(330)709-7925x1327,browndeanna@example.net,34,East Tonymouth,Student,Bachelor's,None,Career change,Cold Outreach,Not Interested,3,2026-03-30
215,Dr. Nicole Trujillo,930.565.2407x784,amymorris@example.com,19,Mikaylaside,Software Engineer,Bachelor's,Beginner,Academic interest,Website,Not Interested,2,2026-07-17
216,Joseph Cole,585-770-8620x959,barrettamber@example.com,30,New Felicia,Teacher,PhD,Beginner,Career change,Cold Outreach,Not Interested,1,2026-06-29
217,Brittany Campbell,(351)218-1022x03173,hbarrett@example.net,22,Brandonbury,Finance Professional,Bachelor's,Beginner,General curiosity,Event,Converted,3,2026-02-21
218,Andrea Conrad,271.670.5865,navarromary@example.org,18,New Colton,Student,Master's,Intermediate,Employer requirement,Partner Organization,Not Interested,5,2026-08-05
219,Kim Lopez,439.828.8619x57612,diane89@example.com,24,Rachelside,Software Engineer,Master's,None,Career change,Cold Outreach,Not Interested,2,2026-06-24
220,Erika Watson PhD,(259)239-8368x45776,caitlin82@example.com,22,West Traceyborough,Software Engineer,PhD,None,Employer requirement,Cold Outreach,Not Interested,1,2026-04-14
221,Alison Short,001-448-488-9921x075,michael93@example.org,32,Lisaland,Data Analyst,Master's,Advanced,General curiosity,Social Media,Converted,12,2025-12-27
222,Laura Robinson,257-827-9194,deleonsandra@example.com,26,Nicholechester,Teacher,Bachelor's,None,Starting a business,Advertisement,Not Interested,11,2026-07-29
223,Sean Kane,490.760.4805,ericnunez@example.com,31,Mullinsshire,Marketing Professional,Bachelor's,Advanced,Career change,Partner Organization,Converted,7,2026-05-18
224,Courtney Roberts,(822)451-7908x6416,timothygonzalez@example.com,19,New Christina,Healthcare Professional,Master's,Beginner,Skill upgrade,Partner Organization,Not Interested,7,2026-04-24
225,Danielle Jones,001-265-691-1665x53559,vanessajensen@example.com,32,South Brady,Marketing Professional,Master's,Advanced,Career change,Event,Converted,12,2026-07-26
226,Christina Brooks,001-211-703-9240x51477,jodylewis@example.net,34,Anaberg,Healthcare Professional,Bachelor's,Intermediate,Employer requirement,Referral,Not Interested,1,2026-01-26
227,Mary Bennett,+1-880-642-0439x40701,michelle04@example.net,26,Hallfurt,Teacher,PhD,Beginner,Skill upgrade,Website,Not Interested,4,2026-07-16
228,Michelle Mckee,698.712.3878x0038,klong@example.org,34,Gabriellestad,Teacher,High School,Beginner,Academic interest,Event,Converted,1,2026-04-13
229,Cynthia Good,840.546.0843x25621,jallen@example.com,18,Reneemouth,Product Manager,High School,None,Academic interest,Referral,Not Interested,8,2026-05-14
230,Carlos Delgado,001-483-724-8262,grantstacy@example.org,24,West Mary,Marketing Professional,High School,Beginner,Starting a business,Referral,Converted,11,2026-07-24
231,Allen Flores,(564)574-2312x20994,gracehoward@example.net,32,Andersonfort,Finance Professional,Bachelor's,Intermediate,Employer requirement,Advertisement,Not Interested,12,2026-02-21
232,Jacqueline Christian,572.323.3060x4633,saraduke@example.net,26,Wattsmouth,Healthcare Professional,Bachelor's,None,Academic interest,Website,Not Interested,1,2025-12-22
233,Jessica Parsons,+1-965-969-9988x081,richjohn@example.net,37,Terrellton,Unemployed,Bachelor's,Advanced,Skill upgrade,Event,Not Interested,2,2025-12-23
234,Kelli Mccoy,8346764472,vaughnrebecca@example.com,31,Davishaven,Student,High School,Beginner,General curiosity,Partner Organization,Not Interested,4,2026-04-18
235,Richard Pace,001-982-366-5702x793,mario21@example.org,19,Lake Shannonstad,Marketing Professional,Bachelor's,Beginner,Academic interest,Partner Organization,Not Interested,11,2026-01-10
236,Michael Acosta,292.868.6025x92222,kyle74@example.net,27,North Rachel,Business Owner,Bachelor's,None,Academic interest,Event,Converted,12,2026-06-29
237,April Cannon,5779780973,fortiz@example.net,37,East Nicoleview,Teacher,Master's,Beginner,Academic interest,Website,Converted,9,2026-01-24
238,Kristin Bryan,6227050209,williamsrobert@example.org,20,Lake Justin,Teacher,High School,None,Starting a business,Referral,Not Interested,11,2026-07-16
239,Melissa Armstrong,+1-727-895-0145,changmegan@example.org,26,Thomasville,Finance Professional,Master's,Advanced,Academic interest,Referral,Converted,3,2026-01-30
240,Denise Rose,733.690.1981x79469,sara99@example.com,36,Vasquezburgh,Student,Bachelor's,None,General curiosity,Website,Not Interested,5,2026-01-31
241,Crystal Roberts,801.207.1396,michael30@example.net,26,Lake Juan,Business Owner,Bachelor's,Beginner,Academic interest,Cold Outreach,Converted,1,2026-05-27
242,Elizabeth Hunter,901-255-6990x23557,timothyburton@example.net,41,Stevenchester,Healthcare Professional,PhD,Beginner,Employer requirement,Cold Outreach,Not Interested,1,2026-06-02
243,Amy Meyer,001-358-480-3955,mary56@example.net,33,New Catherine,Unemployed,Bachelor's,Intermediate,Starting a business,Partner Organization,Not Interested,9,2026-04-20
244,Bruce Patton,650-446-1735x7438,brooksbenjamin@example.org,45,South Williamfort,Product Manager,Master's,None,Employer requirement,Website,Not Interested,2,2026-08-08
245,Brittany Peterson,384.252.1823x0768,sarah91@example.com,22,Smallville,Finance Professional,High School,Beginner,General curiosity,Referral,Converted,10,2026-04-27
246,Mary Edwards,001-743-953-3448,nelsoneric@example.org,32,New Anitaville,Unemployed,PhD,Beginner,Starting a business,Referral,Converted,1,2026-04-26
247,Gregory Flores,(949)232-1495,anthonyberger@example.org,27,South Brianchester,Product Manager,Bachelor's,Intermediate,General curiosity,Social Media,Converted,10,2026-04-19
248,Michael Vance,+1-979-354-5381x7921,pcollins@example.net,39,Ruizbury,Marketing Professional,Master's,Beginner,Skill upgrade,Social Media,Converted,12,2026-05-24
249,Steven Scott,(962)955-7701x715,justinbailey@example.net,40,New Dakota,Finance Professional,High School,Beginner,Skill upgrade,Social Media,Converted,5,2026-05-13
250,Rebecca Nguyen,+1-914-887-6963x9382,petersonlisa@example.net,24,Muellerchester,Product Manager,Master's,Beginner,Academic interest,Social Media,Not Interested,4,2026-02-14
251,Gloria Benson,(319)971-9975,kylesullivan@example.net,43,Lake Lisafurt,Other,Bachelor's,Advanced,Career change,Cold Outreach,Not Interested,6,2026-07-20
252,Matthew Brown,829.902.2784,jamierich@example.com,24,Samanthachester,Product Manager,Bachelor's,Beginner,Skill upgrade,Social Media,Converted,5,2026-04-24
253,Suzanne Mooney,001-209-286-2405,daniel40@example.org,51,Parkfurt,Teacher,Master's,None,Starting a business,Cold Outreach,Not Interested,2,2026-04-21
254,Michelle Sullivan,(483)227-2386x56242,wongdouglas@example.com,27,Proctorberg,Marketing Professional,Bachelor's,Beginner,Skill upgrade,Partner Organization,Converted,2,2026-08-02
255,Martin Perry,596.492.7868x765,kjacobs@example.com,32,Lake Walter,Teacher,Bachelor's,Beginner,Employer requirement,Cold Outreach,Not Interested,5,2026-02-12
256,Joshua Richardson,6979519712,millschelsea@example.org,29,Mccoyland,Other,PhD,Intermediate,Academic interest,Website,Not Interested,4,2026-04-09
257,Kimberly Riley,+1-705-680-7787x956,gary94@example.net,43,Bryanfort,Student,High School,Beginner,Career change,Advertisement,Not Interested,12,2026-02-17
258,Laura Douglas,690-647-1281x4429,alexis19@example.org,32,Lake Sean,Unemployed,Master's,Intermediate,Employer requirement,Partner Organization,Converted,11,2026-07-24
259,Debbie Haynes,928.405.1292x7663,beckywilkinson@example.org,36,Karlaville,Teacher,Bachelor's,Beginner,Starting a business,Advertisement,Converted,10,2026-04-20
260,John Alvarez,883.766.7428x6047,davisamanda@example.com,43,Bishopview,Product Manager,Master's,Intermediate,Skill upgrade,Referral,Converted,4,2026-07-30
261,Derek Garcia,+1-296-373-9385x2580,jenkinsalicia@example.net,22,Bellport,Healthcare Professional,Master's,Beginner,Skill upgrade,Event,Converted,12,2026-02-09
262,Andrew Harvey,8934911192,dominguezjon@example.com,18,Lake Shawnview,Unemployed,High School,Beginner,Career change,Social Media,Converted,8,2026-06-12
263,Melissa Contreras,001-954-321-4066x50442,mkrause@example.net,35,Whitefort,Other,High School,Beginner,Starting a business,Website,Not Interested,8,2026-05-29
264,Joshua Reynolds,+1-917-441-0119x470,fitzpatrickelizabeth@example.com,48,Lake Mark,Unemployed,Bachelor's,Beginner,Employer requirement,Social Media,Converted,3,2026-05-18
265,Aaron Zimmerman,001-777-766-1830x67198,richard15@example.net,52,Christophermouth,Product Manager,Bachelor's,None,Skill upgrade,Advertisement,Converted,6,2026-07-31
266,Donna Harris,+1-306-934-6157,donaldlee@example.net,25,South Paul,Unemployed,High School,None,Career change,Event,Not Interested,9,2026-01-24
267,Maria Porter,400.550.5061x387,johnsondonald@example.net,27,South Rebeccaton,Business Owner,Bachelor's,Beginner,General curiosity,Cold Outreach,Not Interested,10,2026-01-02
268,Matthew Smith,+1-504-317-9291x1179,ronaldcain@example.net,44,Nguyenshire,Other,PhD,Intermediate,Starting a business,Partner Organization,Converted,1,2026-06-14
269,Erica Oconnell,809.425.1142,angela73@example.net,42,East Craigfurt,Student,Bachelor's,Beginner,Career change,Partner Organization,Converted,7,2026-01-19
270,Alexis Tucker,5024194672,alexandra63@example.org,34,New Hectorfort,Product Manager,High School,None,Starting a business,Social Media,Not Interested,9,2025-12-23
271,Anita Serrano,556-908-3318x1958,joshualee@example.org,45,Jimenezburgh,Student,Master's,Beginner,Employer requirement,Website,Not Interested,2,2025-12-26
272,Amanda Newman,236-945-9701x0822,jonesjoe@example.com,25,Robertmouth,Finance Professional,High School,Beginner,Employer requirement,Social Media,Not Interested,4,2026-02-07
273,Brian Perez,263.863.1797,javierlynch@example.org,18,Brooksmouth,Healthcare Professional,Bachelor's,Beginner,General curiosity,Referral,Converted,5,2026-01-10
274,Lynn Cantrell,952.909.0421,vjackson@example.org,45,Cassandraburgh,Marketing Professional,Bachelor's,Beginner,Career change,Website,Converted,12,2026-07-24
275,Kristen Hall,(587)439-7740x63356,butlerbradley@example.com,18,South Amandafort,Unemployed,High School,Intermediate,General curiosity,Advertisement,Not Interested,2,2026-01-14
276,Melissa Garcia,931.680.6325x4310,jacquelinehodge@example.net,18,South Stevenberg,Data Analyst,Bachelor's,Intermediate,General curiosity,Website,Converted,9,2026-03-28
277,Jennifer Clarke,(570)316-5804x649,jill08@example.net,18,Pamelaville,Unemployed,Bachelor's,Beginner,Employer requirement,Website,Not Interested,10,2026-08-05
278,John Williams,(528)518-3253x817,michael48@example.net,27,Ramirezland,Finance Professional,Master's,Intermediate,Skill upgrade,Partner Organization,Converted,10,2026-07-22
279,Jesse Mason,578-984-7951,millerrachael@example.com,23,North Fredville,Teacher,Bachelor's,None,Career change,Partner Organization,Converted,7,2025-12-29
280,Kathleen Golden,204.568.2756x70431,robert55@example.com,18,Ellisshire,Unemployed,Bachelor's,Beginner,Skill upgrade,Website,Converted,11,2026-07-09
281,Richard Jackson,437-654-0254x729,teresafranco@example.net,18,East John,Data Analyst,Bachelor's,Intermediate,General curiosity,Referral,Not Interested,12,2026-04-01
282,Eugene Martinez,452-638-0552x578,knapprichard@example.com,18,South Sarah,Data Analyst,Other,Beginner,Career change,Cold Outreach,Not Interested,2,2026-01-07
283,Wayne Payne,354.674.9297x51702,moralesmary@example.com,38,Christopherton,Finance Professional,Master's,Beginner,Skill upgrade,Website,Not Interested,12,2026-04-19
284,Christie Fox,001-243-701-8718x63759,bhernandez@example.com,27,Watsonport,Teacher,High School,Advanced,General curiosity,Website,Not Interested,10,2026-04-11
285,Eric Griffin,+1-813-476-7426,thomaskevin@example.net,18,Carlshire,Business Owner,High School,None,Skill upgrade,Partner Organization,Converted,9,2026-01-09
286,Ann Ortiz,962-287-9232x648,mary47@example.net,37,Walkertown,Finance Professional,Master's,Advanced,Academic interest,Social Media,Not Interested,5,2026-01-01
287,Eric Davidson,+1-771-946-2730x1471,ooneill@example.net,32,Mccannville,Marketing Professional,Master's,Intermediate,Starting a business,Event,Converted,10,2026-08-13
288,Nicholas Smith,729-802-5725x204,brandon48@example.net,30,New Jamesburgh,Marketing Professional,Bachelor's,Beginner,Academic interest,Partner Organization,Converted,10,2026-06-18
289,Linda Jackson,754-945-1895x20284,kpeterson@example.org,25,East Wesley,Software Engineer,Bachelor's,Beginner,Employer requirement,Partner Organization,Not Interested,12,2025-12-31
290,Rebecca Hansen,001-788-681-6711x207,don79@example.net,34,Geraldport,Student,Bachelor's,None,Starting a business,Advertisement,Not Interested,12,2026-06-18
291,Robert Walker,001-923-842-3216x110,gonzalezantonio@example.net,40,South Davidview,Teacher,Bachelor's,None,Career change,Event,Converted,7,2026-03-12
292,Eric Smith,319-439-3250,stacy55@example.org,36,New Ashley,Healthcare Professional,Master's,Intermediate,General curiosity,Cold Outreach,Converted,7,2026-07-18
293,Kenneth Smith,934.728.0138,scottrosario@example.org,31,Tinachester,Data Analyst,Bachelor's,Beginner,Career change,Social Media,Not Interested,11,2026-04-30
294,Darren Rodriguez,317-818-2754x80157,stephen47@example.org,30,Robertschester,Unemployed,High School,Beginner,Starting a business,Cold Outreach,Not Interested,8,2026-01-04
295,Benjamin Randall,852.307.1678x1126,calvinhester@example.com,36,New Megan,Marketing Professional,Bachelor's,Intermediate,Academic interest,Advertisement,Converted,12,2026-02-17
296,David Coleman,449.994.6579x6784,martineztracy@example.org,18,North Cory,Marketing Professional,PhD,Intermediate,Academic interest,Referral,Converted,8,2026-02-12
297,Barry Gregory,(369)952-4991,qharris@example.com,35,Wagnerside,Product Manager,Master's,Advanced,Skill upgrade,Advertisement,Not Interested,3,2026-01-05
298,Scott Payne,001-606-416-7567x70028,tjordan@example.net,18,Freemanville,Finance Professional,Bachelor's,None,General curiosity,Website,Not Interested,9,2026-04-08
299,Katherine Spencer,+1-697-978-2806,wjensen@example.com,35,Bryanshire,Finance Professional,Bachelor's,Beginner,Skill upgrade,Social Media,Not Interested,8,2026-01-31
300,Russell Bailey,001-590-556-1655x6503,brittany14@example.org,35,Geoffreyside,Healthcare Professional,Master's,Beginner,Starting a business,Cold Outreach,Not Interested,10,2026-08-15
301,Joel Boyer,001-886-840-7905,ashley71@example.net,24,West Tyler,Data Analyst,Other,Beginner,Starting a business,Referral,Not Interested,8,2026-02-19
302,Mary Jackson,856-537-1834x4049,robbinsbelinda@example.net,18,Joshuashire,Business Owner,High School,None,Skill upgrade,Partner Organization,Converted,3,2026-04-03
303,Karen Clark,848-646-8536,jpowers@example.org,39,Lake Jacquelineburgh,Unemployed,Bachelor's,Beginner,Skill upgrade,Advertisement,Not Interested,5,2026-04-19
304,Christy Hayden,001-574-489-6908x3572,megan65@example.org,25,Port Robert,Healthcare Professional,Bachelor's,Beginner,Starting a business,Advertisement,Not Interested,6,2026-02-19
305,Maria Scott,+1-836-831-2303x477,harrisjoseph@example.org,33,Kristineview,Unemployed,Bachelor's,Beginner,Starting a business,Partner Organization,Converted,7,2026-07-07
306,Casey Phelps,001-470-501-5941x6516,duncanvincent@example.org,32,Tylerland,Business Owner,Other,Intermediate,Skill upgrade,Social Media,Converted,5,2026-01-02
307,Bryan Roman,296-936-3212x34764,holly15@example.net,31,Wellsbury,Marketing Professional,Master's,Intermediate,Career change,Event,Converted,9,2026-05-24
308,Sherry Giles,(675)740-9003x486,nicholsjoel@example.com,18,Smithfurt,Data Analyst,Master's,None,Skill upgrade,Event,Converted,1,2026-05-07
309,Tabitha Turner,001-734-832-7560x41776,hollowayholly@example.net,25,West Robertside,Product Manager,Bachelor's,Intermediate,General curiosity,Partner Organization,Converted,4,2026-04-14
310,Jody Johnson,3273206345,johnreeves@example.net,44,Port Brooke,Finance Professional,Bachelor's,Beginner,Starting a business,Social Media,Not Interested,3,2026-07-25
311,Todd Hayes,001-824-529-5431x6526,vaughansandra@example.net,18,North Terri,Data Analyst,Master's,None,Starting a business,Cold Outreach,Not Interested,7,2026-05-22
312,Michael Jackson,(896)994-2152x9108,twilson@example.org,18,Port Lisa,Data Analyst,High School,None,Career change,Partner Organization,Converted,10,2026-04-02
313,Paul Reyes,(939)534-3626x20443,brandi71@example.org,36,Andersonmouth,Teacher,Bachelor's,Intermediate,Starting a business,Cold Outreach,Converted,7,2026-08-10
314,Jennifer Lewis,(269)241-1800x5375,william64@example.com,35,Davidside,Teacher,Other,None,Skill upgrade,Partner Organization,Converted,2,2026-06-25
315,Christopher Jackson,457.921.5862x4150,julie64@example.com,33,Zacharychester,Marketing Professional,High School,None,Starting a business,Website,Converted,7,2026-06-02
316,Emily Vang,001-928-870-3203x20742,carneysara@example.org,23,Kellyside,Marketing Professional,Bachelor's,Intermediate,Starting a business,Website,Not Interested,9,2026-02-04
317,Mr. Ryan Camacho,551-234-2284,robertjones@example.com,27,West Anthonyville,Marketing Professional,Master's,Beginner,Starting a business,Partner Organization,Converted,11,2026-02-13
318,Kevin Bean,720-417-7749x05097,michellesolis@example.com,18,Laurenland,Healthcare Professional,Bachelor's,Intermediate,Skill upgrade,Cold Outreach,Not Interested,1,2026-07-08
319,Lindsey Davis,323-661-0326x642,vowen@example.com,35,West Elizabeth,Teacher,High School,Beginner,Employer requirement,Social Media,Converted,3,2026-07-21
320,Kayla Burns,(374)299-6165x9266,teresa32@example.com,25,West Taylorland,Student,Other,Intermediate,Career change,Event,Not Interested,8,2026-04-13
321,Karen Hernandez,(343)286-4908,dixonrobert@example.com,47,Michaelshire,Data Analyst,Bachelor's,Beginner,Starting a business,Partner Organization,Not Interested,9,2026-03-05
322,Jonathan Wilson,+1-672-726-0164x59779,jasonmiller@example.net,55,Monicaville,Data Analyst,High School,Intermediate,Academic interest,Event,Not Interested,6,2026-02-15
323,Albert Foster,7278769749,christopher20@example.org,36,Port Allenborough,Student,Bachelor's,None,Starting a business,Partner Organization,Not Interested,3,2026-05-18
324,Christine Wong,+1-436-483-1472x7601,emaynard@example.org,45,Richardsborough,Healthcare Professional,Master's,Advanced,Academic interest,Advertisement,Not Interested,4,2026-08-15
325,Ronald Myers,901-566-7998x40767,ricerobert@example.com,37,West Patriciachester,Marketing Professional,Bachelor's,Beginner,Career change,Referral,Converted,6,2026-05-09
326,Audrey Dean,+1-557-760-2437x5738,sanderson@example.net,47,Moyerstad,Business Owner,Bachelor's,None,Skill upgrade,Cold Outreach,Not Interested,7,2026-07-19
327,Rebecca Richard,+1-834-917-2232x971,jimmy80@example.org,27,Nicolestad,Business Owner,High School,None,Skill upgrade,Website,Converted,2,2026-04-26
328,Carrie Villarreal,701.256.1931x83745,paula89@example.net,22,Lake Brentmouth,Other,High School,None,General curiosity,Cold Outreach,Not Interested,6,2026-04-08
329,Tonya Campos,399-518-0812,eric47@example.net,23,Oconnorville,Unemployed,Other,None,Employer requirement,Event,Not Interested,12,2026-05-08
330,Jack Fuentes,437-360-3754,nathan65@example.net,42,East Karen,Software Engineer,Bachelor's,Intermediate,Skill upgrade,Cold Outreach,Not Interested,4,2026-05-14
331,Rachel Taylor,(766)878-5072x08115,ryanlong@example.org,22,New Brian,Software Engineer,High School,Beginner,Starting a business,Website,Converted,7,2026-04-29
332,Michelle Guerrero,946.568.4550x48926,zterry@example.net,46,Roweport,Software Engineer,High School,None,Starting a business,Advertisement,Not Interested,11,2026-08-02
333,Joshua Price,001-228-284-3188x4852,john46@example.net,59,Lake Brianstad,Finance Professional,Master's,Beginner,Employer requirement,Social Media,Not Interested,5,2026-01-07
334,Jordan Martinez,001-717-649-0753x99893,elizabeth92@example.net,18,Stonebury,Other,Bachelor's,None,Skill upgrade,Advertisement,Not Interested,9,2026-08-14
335,Jose Lee,001-957-312-6611x06273,erica69@example.net,24,Wigginsshire,Healthcare Professional,Bachelor's,Beginner,Career change,Referral,Not Interested,2,2026-03-14
336,Mr. Jeremiah Galvan MD,(222)482-7728x81377,sandra19@example.com,34,North Mikeport,Marketing Professional,Master's,None,General curiosity,Partner Organization,Converted,11,2026-04-14
337,Christian Watson,(544)470-2296x044,jsmith@example.com,26,Port Bradleyfort,Healthcare Professional,Other,None,Employer requirement,Website,Not Interested,1,2026-06-16
338,Krystal Mccullough,(879)822-8777x2519,rachelmorgan@example.org,19,Fitzgeraldland,Product Manager,Bachelor's,Beginner,Skill upgrade,Advertisement,Not Interested,11,2026-01-04
339,Michelle Armstrong,001-948-218-1398x90983,barrettamanda@example.org,21,Kristinbury,Data Analyst,Master's,Intermediate,Starting a business,Advertisement,Not Interested,7,2026-01-18
340,Sara Riley,789-856-9070,robertheath@example.com,46,Scottville,Software Engineer,High School,None,Academic interest,Website,Not Interested,9,2026-06-28
341,Kimberly Mitchell,(741)424-6209,reeveskenneth@example.org,26,Douglasmouth,Other,Master's,Beginner,Employer requirement,Cold Outreach,Not Interested,8,2026-04-03
342,Todd Lam,8333993788,bruce78@example.com,39,South Anthonybury,Data Analyst,High School,Intermediate,Employer requirement,Advertisement,Not Interested,2,2026-07-31
343,Alicia Spencer,001-313-582-4967,nathanielgalloway@example.org,28,Aliside,Product Manager,Bachelor's,None,Career change,Partner Organization,Not Interested,2,2026-02-17
344,Aaron Marshall,+1-642-200-7494x653,jocelynhart@example.com,46,South Hollyberg,Healthcare Professional,Bachelor's,Intermediate,Starting a business,Cold Outreach,Not Interested,6,2026-05-04
345,Yvonne Johns,798.755.4743,stevegreene@example.org,29,Lake Sandra,Software Engineer,Master's,Beginner,Employer requirement,Social Media,Converted,3,2026-06-02
346,April Smith,(268)976-8118,gomezlisa@example.net,34,Paultown,Business Owner,High School,Beginner,Skill upgrade,Social Media,Not Interested,11,2025-12-23
347,Jacob Lee,5305453194,ccoffey@example.com,41,Conwayborough,Student,Master's,Beginner,Skill upgrade,Cold Outreach,Not Interested,11,2026-05-15
348,William Little,449-387-2839,julieanderson@example.net,19,New Jessica,Teacher,Bachelor's,Intermediate,General curiosity,Partner Organization,Converted,9,2026-06-18
349,Ryan Johnson,001-689-348-7060x566,hsimpson@example.org,27,North Joshua,Marketing Professional,Bachelor's,None,Skill upgrade,Social Media,Converted,8,2026-03-26
350,Jerry Smith,551.490.3613,lance10@example.com,25,Mortonshire,Student,Bachelor's,Intermediate,Academic interest,Referral,Converted,11,2026-08-13
351,Taylor Pittman,317.935.0583,garrettbeth@example.org,27,North Nicholasland,Healthcare Professional,Master's,Intermediate,Skill upgrade,Social Media,Converted,9,2026-06-24
352,Amy Lang,6498611080,wdavis@example.com,26,Port Carol,Healthcare Professional,Bachelor's,Beginner,General curiosity,Referral,Not Interested,10,2026-01-19
353,Alexandra Reyes,(399)515-0785x93110,danascott@example.com,45,Hardymouth,Other,High School,None,Skill upgrade,Referral,Not Interested,5,2026-06-24
354,Chad Williams,(449)468-5498,vparker@example.com,24,Tarahaven,Student,Master's,Intermediate,Starting a business,Advertisement,Converted,3,2026-05-29
355,Meghan Brown,780.765.3331x53779,robert21@example.com,24,South Jeffreytown,Marketing Professional,Master's,Beginner,Employer requirement,Social Media,Converted,12,2026-07-09
356,Melissa Owens,737.256.3620,howardangela@example.org,40,Scottshire,Teacher,Bachelor's,None,Skill upgrade,Social Media,Not Interested,4,2026-04-08
357,Heather Hester,534.423.4258,andrewcameron@example.org,28,Port Ericafurt,Other,PhD,None,Starting a business,Website,Not Interested,9,2026-04-01
358,Stacey Morgan,847.335.5289,thomassandra@example.org,33,New Nicholas,Student,Master's,Beginner,Skill upgrade,Advertisement,Converted,11,2026-07-06
359,Kyle Rowland,509.293.8425,monique89@example.com,38,Lake Christopher,Product Manager,Master's,None,Career change,Social Media,Converted,10,2026-03-26
360,Matthew Brown,668.857.8725x58777,clarkpatricia@example.com,27,South Jeffery,Healthcare Professional,PhD,Beginner,General curiosity,Website,Not Interested,3,2025-12-28
361,James Moore,(248)912-1478x539,ronald76@example.com,26,Lindamouth,Finance Professional,High School,None,Employer requirement,Website,Not Interested,1,2026-03-11
362,Alexander Alexander,315-314-8881x431,benjamin35@example.org,50,Johnview,Product Manager,Other,Intermediate,Career change,Website,Converted,9,2026-01-20
363,Larry Taylor,001-884-504-4566x90782,jenniferclark@example.org,20,Sharpmouth,Other,Bachelor's,None,Career change,Cold Outreach,Converted,7,2026-02-23
364,Brady Singleton,(763)777-8052x92407,robertjennings@example.com,24,Marktown,Healthcare Professional,Master's,Intermediate,Academic interest,Social Media,Converted,4,2026-04-05
365,Amanda Taylor,399-799-6636x18637,tfowler@example.org,25,North Emily,Unemployed,Master's,Advanced,Academic interest,Website,Converted,12,2026-08-16
366,Ronald Morrison,3239164334,woodalex@example.com,36,Myersville,Unemployed,Bachelor's,None,Starting a business,Social Media,Not Interested,2,2026-05-23
367,Jason Paul,(932)634-6729x9493,adrianthomas@example.org,35,Jacobsbury,Product Manager,Master's,Intermediate,Skill upgrade,Advertisement,Not Interested,1,2025-12-24
368,Susan Suarez,879.501.4754x692,rachelquinn@example.com,35,Bartlettburgh,Software Engineer,Master's,Beginner,Academic interest,Social Media,Converted,9,2026-07-21
369,Anna Hale,8323484137,charles18@example.com,36,Hayesview,Teacher,Bachelor's,Beginner,General curiosity,Cold Outreach,Not Interested,2,2026-04-03
370,Andrew Johnson,+1-976-956-3600x4125,jjones@example.net,41,Lake Stephanie,Software Engineer,Bachelor's,Intermediate,Employer requirement,Cold Outreach,Not Interested,2,2026-04-16
371,Robert Skinner,(409)312-4186,byrderic@example.com,33,East Jennifer,Product Manager,Bachelor's,None,Starting a business,Website,Not Interested,7,2026-07-23
372,Kim Ramos,2818647090,sarahbrooks@example.org,19,North Allen,Student,Master's,None,Career change,Event,Not Interested,3,2026-04-19
373,Adrian Hoover,+1-513-812-2068x15583,nmartinez@example.org,32,Marcustown,Other,Other,None,General curiosity,Referral,Not Interested,3,2026-03-27
374,Eugene Price,931.349.5013x649,johnathandavis@example.com,26,Gregoryberg,Teacher,Bachelor's,Beginner,Career change,Referral,Converted,7,2026-04-25
375,Mark Henson,571-250-9976x83890,parkerjoann@example.org,32,North Devinfort,Data Analyst,Master's,Beginner,Career change,Website,Converted,2,2026-03-21
376,Christian Harris,8396752450,perezjessica@example.com,44,East Amber,Marketing Professional,Master's,Beginner,General curiosity,Event,Not Interested,3,2026-04-24
377,Mary Wright,+1-439-568-5270x17130,christopherwatkins@example.org,31,New Christian,Product Manager,Other,Intermediate,Career change,Cold Outreach,Not Interested,4,2026-08-02
378,Emily Griffith,562.693.4497,xmiller@example.com,39,Jacksonmouth,Student,PhD,Beginner,Starting a business,Advertisement,Converted,4,2026-07-01
379,Leon Hamilton,(470)466-1498,oscar47@example.com,34,Hartfort,Product Manager,Bachelor's,Intermediate,Career change,Partner Organization,Not Interested,10,2026-01-05
380,Chad Harrison,(830)708-5766,pburns@example.net,42,South Nicoleville,Student,Bachelor's,None,General curiosity,Event,Converted,5,2026-06-12
381,Keith Lee,(245)487-5066x33705,catherine24@example.org,32,North Darryl,Data Analyst,Bachelor's,Beginner,Academic interest,Partner Organization,Converted,5,2026-01-31
382,Michael Cruz,001-891-683-6264x488,ugoodwin@example.org,41,Lake Ashleystad,Unemployed,Master's,Beginner,Career change,Event,Not Interested,7,2026-07-20
383,Debra Clark,001-864-402-7011x6864,nicholaspadilla@example.org,25,Whiteville,Marketing Professional,Bachelor's,Beginner,Employer requirement,Advertisement,Converted,3,2026-07-05
384,Robert Lopez,3236467912,grayjoshua@example.com,28,New Jimmyfort,Product Manager,Master's,Intermediate,Academic interest,Website,Not Interested,2,2026-04-12
385,Ashlee Brown,001-709-801-3806x98477,nathan55@example.org,37,Elizabethfurt,Teacher,Bachelor's,Beginner,Academic interest,Advertisement,Not Interested,1,2026-08-14
386,Vanessa Marks,607-562-0918,shannon78@example.com,40,North Valerie,Other,Master's,Advanced,Employer requirement,Event,Converted,4,2025-12-28
387,Robin Smith,(905)373-9769x156,mcarter@example.net,33,Port Abigail,Data Analyst,Master's,Advanced,Employer requirement,Website,Not Interested,2,2026-01-24
388,Shannon Wagner,(971)548-7271,jasonmullins@example.net,18,North Ryantown,Unemployed,Master's,Intermediate,Career change,Event,Not Interested,1,2026-01-28
389,Timothy Orr,001-343-747-1287x15399,vkent@example.net,25,Valdezside,Unemployed,Bachelor's,Beginner,General curiosity,Event,Not Interested,1,2025-12-20
390,Jessica Hall,414-711-1593x195,aray@example.com,29,New Amandafurt,Finance Professional,High School,Beginner,Skill upgrade,Event,Converted,2,2026-03-21
391,Emma Diaz,+1-528-999-3160x87524,shernandez@example.org,29,New Lukehaven,Product Manager,Bachelor's,None,Employer requirement,Advertisement,Not Interested,11,2026-07-27
392,Becky Shea DDS,837.646.0523x3027,vickiekelley@example.com,24,Gregorystad,Unemployed,Bachelor's,Advanced,Academic interest,Social Media,Converted,6,2025-12-22
393,Jeanne Rose,443-986-1259x0472,jcarter@example.org,33,Port Kaitlin,Finance Professional,Bachelor's,None,General curiosity,Referral,Converted,8,2026-08-12
394,Alexa Barber,001-912-466-2015,wilsonzachary@example.com,18,Bookerfurt,Unemployed,Bachelor's,None,Career change,Website,Not Interested,12,2026-06-07
395,Bryan Sanders,392-361-7647x5011,gmay@example.org,29,New Ashleyshire,Data Analyst,High School,Intermediate,Academic interest,Event,Converted,12,2026-02-08
396,Michael Davis,001-726-376-4921,richardhaynes@example.com,27,Brownshire,Healthcare Professional,Bachelor's,Advanced,Academic interest,Event,Converted,10,2026-05-01
397,Sabrina Pearson,001-531-429-2087x51029,hartmelissa@example.org,27,North Williamstad,Product Manager,PhD,Beginner,Academic interest,Referral,Not Interested,7,2026-02-28
398,Carolyn Rowland,+1-703-540-8487x29758,batesbradley@example.org,47,East Kevin,Teacher,Bachelor's,Beginner,Skill upgrade,Advertisement,Not Interested,7,2026-04-11
399,Tina Guzman,695.642.9618,ksantos@example.com,33,Millerview,Healthcare Professional,Master's,Intermediate,Starting a business,Referral,Converted,8,2026-05-14
400,Teresa Thomas,814.435.9892,victoria66@example.org,41,North Joseph,Business Owner,Bachelor's,Beginner,Starting a business,Advertisement,Not Interested,7,2026-03-06
401,Melinda Russell,315-454-2340x16361,brianna71@example.net,18,Jackieport,Teacher,Other,Advanced,General curiosity,Partner Organization,Not Interested,8,2026-07-31
402,Lisa Mosley,(956)425-8896,albert82@example.net,32,East Nicholas,Unemployed,Bachelor's,Intermediate,Career change,Advertisement,Converted,7,2026-05-17
403,Amy Swanson,(839)567-2757x844,cynthia14@example.com,40,Meganland,Student,High School,None,Academic interest,Website,Not Interested,2,2026-07-08
404,David Davis,001-401-948-7068,rrobertson@example.net,24,South Alexanderborough,Data Analyst,Bachelor's,Beginner,Academic interest,Cold Outreach,Not Interested,8,2026-05-01
405,Nichole Klein,001-485-338-9097x283,mary85@example.org,20,Simpsonburgh,Other,Bachelor's,Beginner,General curiosity,Social Media,Not Interested,3,2026-07-20
406,Brian Sloan,281.844.7443,sandrahickman@example.net,18,South Patriciafort,Finance Professional,Bachelor's,Beginner,Career change,Partner Organization,Not Interested,8,2026-04-16
407,Aaron Stevens,351-405-2650x1673,fmartinez@example.org,29,Port Diane,Student,Master's,Beginner,General curiosity,Cold Outreach,Not Interested,8,2026-07-03
408,James Evans,(328)541-7722x56053,billy66@example.net,41,Rachelburgh,Unemployed,Master's,Beginner,Skill upgrade,Partner Organization,Converted,10,2026-01-15
409,Tiffany Moyer,316-378-7256x862,martinezmaurice@example.org,31,North Erika,Unemployed,Master's,None,Career change,Partner Organization,Converted,2,2026-03-28
410,William Mclaughlin,(374)647-1639x28234,elizabethpatterson@example.com,46,Lake Jessicaburgh,Business Owner,Master's,Beginner,Academic interest,Partner Organization,Not Interested,12,2026-04-26
411,Scott Fuller,(831)226-0432,christopherwilliams@example.com,26,Isabelbury,Healthcare Professional,Other,Intermediate,General curiosity,Referral,Converted,2,2025-12-31
412,Jeffery Brown,(204)214-5456x35020,jason74@example.net,25,South Jackfort,Data Analyst,High School,None,Skill upgrade,Advertisement,Not Interested,2,2026-06-30
413,Eric Davis,7825555989,jason61@example.org,18,Lake Julia,Product Manager,PhD,Intermediate,Employer requirement,Advertisement,Converted,5,2026-01-27
414,Kevin Barr,+1-433-271-1895x4738,jamespierce@example.com,39,Patriciamouth,Product Manager,Master's,Intermediate,Academic interest,Event,Not Interested,3,2026-01-09
415,Autumn Graham,568.880.2942x4090,gcohen@example.org,26,South Karen,Marketing Professional,High School,Advanced,Employer requirement,Partner Organization,Converted,8,2026-05-09
416,Richard Morales,632-602-9390x878,kennethadams@example.org,29,East Brandon,Software Engineer,Bachelor's,None,Starting a business,Advertisement,Not Interested,10,2026-07-05
417,Andrew Hernandez,724-303-3810x595,jennifer69@example.com,30,Tracietown,Product Manager,Bachelor's,Intermediate,Starting a business,Referral,Converted,4,2026-04-09
418,Colleen Sanford,(540)989-1649,markharris@example.net,31,Moorebury,Software Engineer,High School,None,General curiosity,Cold Outreach,Not Interested,7,2026-05-14
419,Jessica Hernandez,617.427.2239x7240,lisamcdaniel@example.org,37,East Charlesbury,Other,Bachelor's,None,Academic interest,Website,Converted,3,2026-03-31
420,Matthew Powell,001-582-309-1660x1002,douglas90@example.org,31,New Jillmouth,Product Manager,Bachelor's,Beginner,Skill upgrade,Cold Outreach,Converted,4,2026-08-04
421,Angela Taylor,001-297-224-5723x08481,stephenscurtis@example.com,40,North Rhonda,Finance Professional,Bachelor's,Advanced,Employer requirement,Referral,Converted,6,2026-05-17
422,Jeffery Hernandez,+1-743-361-7213x1451,sandra10@example.net,37,East Roy,Marketing Professional,Bachelor's,None,Career change,Website,Converted,2,2026-05-05
423,Christopher Coleman,+1-749-445-1475x41022,ygriffin@example.com,35,North Beckyview,Healthcare Professional,Bachelor's,Intermediate,Academic interest,Cold Outreach,Not Interested,7,2026-02-21
424,Frank Anderson,001-965-957-6769x52366,patrickcarpenter@example.com,32,Lake Christopher,Other,Master's,Intermediate,Academic interest,Partner Organization,Not Interested,12,2026-03-28
425,Dalton Jefferson,(887)521-0552x472,mariabrown@example.org,30,Lake Janefurt,Software Engineer,Bachelor's,Intermediate,Academic interest,Partner Organization,Not Interested,6,2026-02-01
426,Melissa Coleman,7194179202,sanchezalexander@example.com,46,Port Ian,Data Analyst,Master's,Advanced,Skill upgrade,Cold Outreach,Not Interested,8,2026-01-12
427,Nicole Hale,476-257-0412x0092,rwall@example.com,44,Samanthahaven,Other,Bachelor's,Intermediate,Starting a business,Partner Organization,Converted,3,2026-05-03
428,Darren Huynh,318-962-3690x362,pedwards@example.com,23,Martinstad,Healthcare Professional,Bachelor's,Intermediate,Skill upgrade,Advertisement,Not Interested,11,2026-06-29
429,Chloe Rodriguez,359-350-3428,carlaavila@example.com,32,New James,Business Owner,Bachelor's,Beginner,Academic interest,Social Media,Not Interested,10,2026-06-21
430,Cynthia Miller,001-690-297-0051,karen68@example.org,18,Karenstad,Product Manager,Bachelor's,None,Skill upgrade,Partner Organization,Not Interested,2,2026-08-02
431,Michele Davis,(981)382-0967x90422,cisnerosjesse@example.org,37,Port Jennifer,Product Manager,Master's,Advanced,Academic interest,Cold Outreach,Not Interested,3,2026-04-26
432,Kathryn Gay DDS,357.425.4596x06339,adavis@example.org,55,Amyland,Healthcare Professional,Master's,None,Starting a business,Website,Not Interested,10,2025-12-29
433,Mr. Christopher Phillips Jr.,001-655-911-2747,shelbybonilla@example.com,25,West Michelefurt,Other,Bachelor's,Advanced,Skill upgrade,Cold Outreach,Converted,4,2026-03-21
434,Manuel Becker,258.595.5168x740,mooredaniel@example.com,30,New Reginald,Student,Bachelor's,Intermediate,Employer requirement,Advertisement,Converted,1,2026-08-13
435,James Ford,357-878-7112,vgonzalez@example.org,38,Matthewfort,Product Manager,High School,None,Academic interest,Advertisement,Not Interested,1,2026-06-16
436,Patrick Wilson,208.727.2359x096,nirwin@example.org,40,Port Andrew,Data Analyst,High School,Beginner,Career change,Partner Organization,Converted,10,2026-05-05
437,Jenny King,(812)514-6147,jack01@example.com,28,Tabithaport,Finance Professional,Master's,Beginner,Career change,Event,Converted,4,2026-02-24
438,Gregory Barnes,482.765.9608x9319,alexis72@example.com,37,Danielchester,Finance Professional,Master's,Beginner,Academic interest,Social Media,Not Interested,4,2026-06-08
439,Nathan Mcneil,(479)810-3368,michaelfarley@example.net,26,West Lisatown,Student,Bachelor's,Intermediate,General curiosity,Advertisement,Not Interested,12,2026-08-06
440,Eric Fuentes,777-366-5586,stephenbrooks@example.net,30,New Ryan,Marketing Professional,Master's,Intermediate,Skill upgrade,Website,Converted,12,2026-06-10
441,Matthew Frazier,+1-349-911-1109x6179,contrerasmelissa@example.org,40,Port Shawn,Teacher,Master's,Beginner,Starting a business,Event,Converted,5,2026-07-28
442,Craig Harrison,657-666-0538,kyle63@example.org,23,Johnsontown,Software Engineer,Bachelor's,Beginner,Employer requirement,Advertisement,Not Interested,9,2026-04-26
443,James Montoya,001-295-852-9638x6396,sheilamyers@example.net,48,South Rebecca,Software Engineer,Other,Beginner,Skill upgrade,Website,Converted,2,2026-02-02
444,Jessica Garcia,(581)396-4825,johnsonalexander@example.net,18,North Christine,Teacher,Other,None,Employer requirement,Cold Outreach,Not Interested,6,2026-05-07
445,Valerie Armstrong,5278523343,donna41@example.org,29,Lake Traciville,Teacher,Master's,Beginner,Employer requirement,Partner Organization,Not Interested,4,2026-01-07
446,Timothy Martinez,(844)321-1753,apope@example.org,31,Chungland,Business Owner,Bachelor's,None,Starting a business,Partner Organization,Not Interested,1,2026-07-22
447,Jason Preston,+1-972-224-0299x0155,aimeescott@example.org,28,New Anthony,Marketing Professional,Master's,Advanced,Employer requirement,Advertisement,Converted,5,2026-02-01
448,Jorge Hernandez,(513)305-2312x447,jean47@example.net,29,Grahamfurt,Business Owner,Bachelor's,Beginner,Employer requirement,Partner Organization,Not Interested,11,2026-05-05
449,Danielle Gonzalez,001-846-619-9423x767,cindy96@example.com,30,New Michael,Product Manager,Bachelor's,Beginner,Skill upgrade,Event,Converted,3,2026-07-25
450,Sabrina Cole,8842964985,whitemarcus@example.org,34,Johnborough,Marketing Professional,Bachelor's,Beginner,Academic interest,Referral,Converted,3,2026-02-06
451,Jacqueline Chan,505-305-3795,ncampbell@example.net,19,North Ann,Data Analyst,Bachelor's,Advanced,Skill upgrade,Social Media,Not Interested,10,2026-01-23
452,Theresa Aguirre,+1-819-366-5533x07704,chavezcarolyn@example.net,35,Youngtown,Healthcare Professional,Other,Advanced,Starting a business,Website,Not Interested,4,2026-07-31
453,Mason Chase,7742260880,harrisonmaria@example.com,46,Joshuastad,Other,Bachelor's,Beginner,Employer requirement,Website,Converted,2,2026-01-05
454,Justin Edwards,+1-206-247-7159x103,danielmorris@example.net,21,Perezland,Software Engineer,High School,Advanced,Employer requirement,Social Media,Converted,8,2026-03-31
455,Steven Wood,+1-600-740-1041,knelson@example.org,23,Wilsonmouth,Software Engineer,Master's,None,Employer requirement,Event,Converted,8,2026-08-14
456,Nicole Barron,(671)688-3977x45731,gomezmary@example.org,19,Lake Christian,Marketing Professional,Other,Advanced,Employer requirement,Referral,Converted,2,2026-08-15
457,Amy Smith,776.637.1539,grios@example.org,18,East Sabrina,Business Owner,Bachelor's,Intermediate,Skill upgrade,Referral,Converted,11,2026-06-05
458,Jesse Oliver,363.414.6249,vwalter@example.org,29,North Patricia,Software Engineer,Master's,Beginner,General curiosity,Social Media,Converted,10,2026-05-07
459,Allen Stanley,854.718.1563x268,alexandermitchell@example.org,39,Dennischester,Business Owner,Master's,None,General curiosity,Social Media,Not Interested,10,2026-02-22
460,Collin Thompson,289-278-6103x131,john81@example.com,41,New Holly,Finance Professional,Master's,Intermediate,Academic interest,Advertisement,Converted,10,2026-01-11
461,James Robinson,001-447-932-3549x401,melissa32@example.com,33,East Jacobmouth,Marketing Professional,Bachelor's,Intermediate,Academic interest,Website,Not Interested,8,2026-01-31
462,Adam Wells,902-341-2095x79073,fuentesashley@example.com,25,New Wesley,Software Engineer,Bachelor's,Beginner,Employer requirement,Social Media,Not Interested,9,2026-05-03
463,Patricia Garcia,001-657-775-8474x5705,rrodriguez@example.net,40,East Tiffanybury,Teacher,Bachelor's,Beginner,Starting a business,Referral,Not Interested,12,2026-01-25
464,Brenda Jimenez,696.953.1361,josephshelton@example.com,24,Lawrenceview,Business Owner,Other,Intermediate,Starting a business,Social Media,Converted,2,2026-07-15
465,Andrew Meyer,691-467-9541x07272,tommy14@example.org,34,Williamsport,Other,Bachelor's,Intermediate,Employer requirement,Referral,Converted,10,2026-02-02
466,Becky Freeman,4653004254,douglas36@example.net,26,West Jefferyfort,Software Engineer,Bachelor's,Beginner,Skill upgrade,Partner Organization,Not Interested,1,2026-01-17
467,Danielle Gregory,(466)514-4942x9659,derek83@example.com,29,Christophershire,Teacher,Master's,None,Skill upgrade,Event,Not Interested,12,2026-07-23
468,Julia White,(912)287-5857x56766,bernardrobert@example.org,34,Kristinshire,Data Analyst,Bachelor's,Beginner,Career change,Advertisement,Not Interested,6,2026-05-03
469,Bethany Daniels,001-940-262-6078,brownmaria@example.net,36,West Brookeport,Product Manager,Bachelor's,Beginner,General curiosity,Advertisement,Not Interested,4,2026-07-25
470,Melissa Lin,498-503-8287,kevincollins@example.org,30,Hansonborough,Other,Bachelor's,Intermediate,General curiosity,Partner Organization,Not Interested,8,2026-06-01
471,Aaron Munoz,981-833-1708,howekevin@example.com,19,Port Jimmy,Marketing Professional,Master's,Beginner,Academic interest,Advertisement,Not Interested,4,2025-12-31
472,Debbie Salazar,591.962.0223x288,qroberts@example.org,20,Richardsonview,Business Owner,Bachelor's,Beginner,Starting a business,Event,Not Interested,5,2026-03-16
473,Michael Rodriguez,(962)204-7196x09409,sydney77@example.com,31,East Michaelhaven,Software Engineer,Bachelor's,Beginner,Employer requirement,Referral,Not Interested,9,2026-08-12
474,Steven Warren,812.925.9572x44617,barbarapennington@example.net,30,Davidmouth,Teacher,Bachelor's,Beginner,Starting a business,Website,Not Interested,10,2026-05-06
475,Lauren Silva,(310)402-3117x7533,acampos@example.org,35,New Johnton,Student,Master's,Beginner,Academic interest,Cold Outreach,Not Interested,4,2026-06-18
476,Angel Hines,+1-602-951-7629x833,oshelton@example.org,37,South Lisa,Marketing Professional,High School,Advanced,Career change,Website,Converted,6,2026-03-10
477,Cheryl Perkins,+1-913-502-0569x8152,ashleywells@example.com,31,Christineside,Business Owner,Bachelor's,None,General curiosity,Referral,Not Interested,4,2026-01-16
478,Rebecca Gonzales,+1-761-291-2841x1730,loriroberts@example.com,24,Warnerland,Teacher,Other,Beginner,Starting a business,Website,Not Interested,12,2026-04-05
479,Brooke Roberts,+1-293-389-8469,qgiles@example.net,28,North Matthewview,Teacher,Master's,None,General curiosity,Advertisement,Not Interested,12,2025-12-27
480,Stephen Brown,285.703.7199,dodsoncarly@example.net,52,New Timothyberg,Other,High School,None,Academic interest,Social Media,Not Interested,10,2026-07-28
481,Andrew Johnson,235.967.4300x03896,hughesnicholas@example.org,35,Milesside,Unemployed,Bachelor's,None,Career change,Cold Outreach,Converted,8,2026-03-06
482,Jeffrey Prince,(853)256-0331x903,marksjohn@example.org,45,North Davidburgh,Finance Professional,Master's,None,Starting a business,Website,Converted,2,2026-02-15
483,Ernest Morrison,642.596.7111,wthornton@example.org,25,Marquezstad,Software Engineer,Bachelor's,Intermediate,Academic interest,Website,Not Interested,4,2026-04-26
484,Eileen Valdez,445.588.1056x97413,judy31@example.com,31,North Tiffany,Unemployed,Bachelor's,None,Skill upgrade,Event,Converted,3,2026-01-19
485,Marie Chavez,307-204-4964,melissa67@example.org,26,Cruzton,Teacher,Master's,Intermediate,Career change,Event,Not Interested,7,2026-07-06
486,James Keller,+1-604-508-5095,petersonmaria@example.com,34,Pattonton,Marketing Professional,Master's,Intermediate,Career change,Event,Converted,6,2026-05-07
487,Kristen Farley,+1-248-676-9984x26732,christopher38@example.com,35,Ashleyton,Data Analyst,Bachelor's,None,Career change,Social Media,Not Interested,12,2026-03-07
488,Heidi Hopkins,+1-290-914-9542x7707,churchtimothy@example.net,36,South Brian,Other,Bachelor's,Advanced,Skill upgrade,Advertisement,Converted,1,2025-12-29
489,Destiny Bishop,517-324-4472x32290,lopezwilliam@example.com,36,Bobbybury,Student,Master's,Intermediate,Starting a business,Event,Not Interested,10,2025-12-20
490,Miguel Green,305-380-9351x187,jameshudson@example.net,27,Joneschester,Unemployed,High School,Beginner,General curiosity,Partner Organization,Not Interested,9,2025-12-27
491,Briana Nguyen,(456)257-4902x504,lynchlindsey@example.net,19,Shelbyfurt,Student,Master's,None,General curiosity,Cold Outreach,Not Interested,1,2026-07-10
492,Amanda Barber,(911)939-8986x8180,joseph94@example.org,41,Johnstad,Other,High School,None,Skill upgrade,Website,Not Interested,7,2026-05-10
493,Ethan Compton,001-537-965-1588x157,ihall@example.net,18,Port Regina,Product Manager,Bachelor's,Beginner,Starting a business,Partner Organization,Not Interested,5,2026-04-25
494,Mary Jacobs,955-211-6682x9732,davidbaker@example.net,29,Newtonberg,Product Manager,High School,Beginner,Skill upgrade,Referral,Not Interested,4,2026-08-10
495,Sandra Johnson,(812)588-6652,david59@example.net,36,Lake Brandonstad,Product Manager,Bachelor's,Intermediate,Career change,Event,Converted,7,2026-03-21
496,Susan Mccoy,001-764-972-2981x2099,lflores@example.net,36,Shirleyville,Healthcare Professional,Master's,None,Skill upgrade,Cold Outreach,Not Interested,11,2026-04-06
497,Johnny Williams,689.786.4565x22036,reedgabriel@example.com,40,Tommybury,Unemployed,High School,Advanced,Skill upgrade,Website,Not Interested,5,2026-03-07
498,Donna Hardin,+1-213-542-1388x209,freemanlynn@example.com,33,West Shelly,Finance Professional,High School,Beginner,Starting a business,Cold Outreach,Not Interested,1,2026-07-17
499,Monique Meyer,741.317.6741x241,jessicamurphy@example.net,33,Joshuahaven,Other,Master's,Beginner,Academic interest,Partner Organization,Converted,5,2026-03-03
500,Angela Watts,5614853800,owiggins@example.net,24,West Theodore,Teacher,Bachelor's,Beginner,Employer requirement,Partner Organization,Converted,3,2026-01-05
501,Mr. Jonathan Anderson,+1-818-630-6178x9320,pwelch@example.net,39,Toddburgh,Software Engineer,Bachelor's,None,Starting a business,Event,Converted,8,2026-05-11
502,Sara Golden,+1-977-769-5874x13146,elainewilson@example.com,48,Donnastad,Software Engineer,Bachelor's,Advanced,Skill upgrade,Website,Converted,3,2026-06-06
503,Michele Ayala,779.663.0448x3608,robert76@example.com,27,Ritaview,Other,Bachelor's,Intermediate,Career change,Advertisement,Not Interested,7,2026-06-14
504,Mr. Mark Williams,263.292.8319x952,tdavis@example.com,28,Katieside,Finance Professional,Bachelor's,Beginner,Skill upgrade,Event,Not Interested,7,2026-02-16
505,Anthony Clark,+1-732-886-3425,angelawright@example.org,47,Port Andrewhaven,Healthcare Professional,High School,Beginner,Starting a business,Event,Not Interested,9,2026-04-24
506,James Washington,(844)803-3041,lorettamcdowell@example.org,32,North Williamchester,Teacher,Bachelor's,Beginner,Career change,Advertisement,Converted,5,2026-02-19
507,Patrick Weaver,(219)663-9456,stephen14@example.net,31,Bennettchester,Teacher,Bachelor's,Beginner,Skill upgrade,Event,Converted,10,2026-03-22
508,Walter Hoffman,548.283.6076x5817,cwise@example.com,23,Hartport,Healthcare Professional,High School,Beginner,General curiosity,Partner Organization,Not Interested,5,2026-01-29
509,Robert Daugherty,882-937-9312,briansnyder@example.com,45,Joyberg,Finance Professional,Bachelor's,Beginner,Academic interest,Referral,Converted,1,2026-07-11
510,Michael George,7439878753,vrobertson@example.net,31,North Ronaldland,Marketing Professional,Bachelor's,Beginner,Starting a business,Website,Not Interested,11,2026-03-24
511,Peter Martin,001-812-837-1067x2872,phillipsryan@example.com,36,Alexandrastad,Teacher,Bachelor's,Beginner,Career change,Advertisement,Not Interested,8,2026-03-29
512,Carol Roberts,+1-939-258-9477x35228,robert27@example.org,28,West Jacquelineborough,Business Owner,Bachelor's,Advanced,Employer requirement,Social Media,Converted,9,2026-05-22
513,Kimberly Rivera,7972921583,joshuahoover@example.com,30,Michaelfurt,Unemployed,Master's,None,General curiosity,Event,Not Interested,2,2026-01-13
514,Kristina May,319.421.3424,xrivera@example.net,39,Tammyfort,Unemployed,Other,Beginner,Employer requirement,Cold Outreach,Not Interested,3,2026-02-08
515,Aaron Hall,319.222.2705,williamgonzales@example.net,36,Murphyhaven,Product Manager,High School,Beginner,Starting a business,Event,Not Interested,8,2026-06-27
516,Cynthia Long,001-867-954-8581x93242,qneal@example.net,46,New Rachelstad,Other,Bachelor's,Beginner,Academic interest,Website,Not Interested,12,2026-04-20
517,Sean Wyatt,001-556-239-8365x20375,mark54@example.net,27,New Joshuaview,Student,Master's,Beginner,Career change,Website,Not Interested,6,2026-01-22
518,Jennifer Forbes,001-344-209-0797x727,anthony22@example.org,31,South Maryville,Healthcare Professional,Bachelor's,Beginner,Employer requirement,Cold Outreach,Not Interested,3,2026-01-18
519,Mark Brown,784-239-0552,qbutler@example.net,38,North Jameshaven,Product Manager,Bachelor's,Intermediate,General curiosity,Social Media,Converted,3,2025-12-29
520,Derek Thompson,6497386204,petersonashley@example.net,19,New Sarahland,Finance Professional,Master's,None,General curiosity,Event,Not Interested,1,2026-03-23
521,Brandon Blair,(359)502-0357,mary32@example.com,18,South Janiceburgh,Student,Bachelor's,None,Employer requirement,Referral,Converted,8,2026-01-21
522,Karl Gutierrez,943.724.4741,michael87@example.net,19,North Stephanie,Teacher,Bachelor's,Beginner,General curiosity,Social Media,Not Interested,1,2026-06-17
523,Brittney Carroll,001-665-543-5884x183,hgreen@example.net,35,South Donald,Student,High School,Intermediate,Academic interest,Social Media,Not Interested,3,2026-04-14
524,Jacqueline Gray,001-705-715-0267,lopezmichael@example.org,35,Paynetown,Other,Master's,Advanced,Skill upgrade,Website,Converted,9,2026-06-12
525,Luis Watkins,001-266-573-4595x764,fisherkim@example.net,26,Watkinsburgh,Student,Bachelor's,Beginner,General curiosity,Partner Organization,Not Interested,8,2026-07-08
526,Tammy Tanner,001-983-892-2501x425,stevenhopkins@example.org,25,West Kyle,Data Analyst,High School,Beginner,Employer requirement,Website,Not Interested,11,2026-01-01
527,Scott Kim,001-532-985-0725x1786,tguerra@example.org,38,South Davidberg,Student,Master's,Intermediate,Employer requirement,Referral,Not Interested,11,2026-01-09
528,Gabriel Campbell,+1-769-768-1579x03923,walter09@example.net,47,Melendezbury,Data Analyst,Master's,None,Academic interest,Social Media,Converted,11,2026-06-26
529,Cole Clark,(415)462-6244x67046,gfleming@example.com,27,West Ginaville,Finance Professional,Other,Intermediate,Academic interest,Advertisement,Not Interested,6,2026-01-14
530,Jennifer Roman,(852)898-6707,turnerjonathan@example.net,39,New Lindsaymouth,Business Owner,Other,Intermediate,Skill upgrade,Website,Not Interested,3,2026-03-07
531,Priscilla Joseph,+1-251-726-8612,james97@example.com,30,South Juanville,Product Manager,Bachelor's,Beginner,Employer requirement,Event,Not Interested,7,2026-02-17
532,Julia Williams,+1-854-265-4084x245,onguyen@example.org,29,West Jessicaside,Product Manager,High School,Intermediate,General curiosity,Cold Outreach,Not Interested,8,2026-05-29
533,Danielle Miller,522-976-4579,jonesnathan@example.org,41,South Williamland,Product Manager,Bachelor's,Beginner,Starting a business,Advertisement,Not Interested,5,2026-08-01
534,Mark Turner,(502)241-6139x4498,ashley36@example.com,34,West Walter,Software Engineer,Bachelor's,None,Career change,Website,Converted,9,2026-04-25
535,James White,340-563-0624x4795,andrewnguyen@example.org,34,Jessicamouth,Finance Professional,Bachelor's,Intermediate,Starting a business,Event,Not Interested,12,2026-07-17
536,Madison Murphy,(478)805-5557x2773,richard91@example.net,24,Hoffmanstad,Unemployed,Bachelor's,None,Skill upgrade,Advertisement,Not Interested,5,2026-07-08
537,Paul Moreno,845-877-0299x2959,potterjustin@example.net,35,Fritzfurt,Other,Bachelor's,Intermediate,Academic interest,Referral,Converted,1,2026-01-19
538,Bonnie Lawson,416-833-1942,nbell@example.com,36,Luisstad,Business Owner,High School,None,Career change,Advertisement,Not Interested,4,2026-07-29
539,Mary Mcdaniel,+1-458-888-6367x7472,aaron57@example.net,34,Lake Rebecca,Healthcare Professional,Bachelor's,Intermediate,Starting a business,Partner Organization,Converted,5,2026-05-07
540,Matthew Mccann,(730)593-2998x19960,ashleykennedy@example.org,33,Andrewfurt,Teacher,Bachelor's,Beginner,General curiosity,Partner Organization,Converted,5,2026-02-14
541,Sharon Jefferson,(675)332-7352,clarksteven@example.org,45,Fritzburgh,Product Manager,Bachelor's,None,Career change,Referral,Converted,11,2026-06-15
542,Kathryn Rodriguez,+1-352-837-1006x876,nicole81@example.net,49,South Timothyton,Data Analyst,Bachelor's,Beginner,Academic interest,Social Media,Not Interested,1,2026-02-18
543,James Short,001-705-868-7611x24912,donald37@example.org,22,Coltonland,Teacher,High School,Beginner,Starting a business,Social Media,Converted,4,2026-06-15
544,Michael Goodwin,001-645-247-5749x49022,nicoleelliott@example.net,18,Kristopherburgh,Healthcare Professional,PhD,Intermediate,Starting a business,Social Media,Not Interested,4,2026-08-05
545,Elizabeth Marquez,+1-442-222-9464x30394,michael88@example.com,48,Montgomeryburgh,Data Analyst,Master's,Beginner,Employer requirement,Website,Converted,8,2026-03-30
546,Maria Matthews,758.556.7287x27601,jamie24@example.net,34,Lake Jamesfort,Data Analyst,Bachelor's,Beginner,Starting a business,Cold Outreach,Not Interested,12,2026-03-18
547,Thomas Escobar,001-383-235-0615x8148,pknight@example.org,26,Lauraburgh,Unemployed,PhD,Beginner,Employer requirement,Event,Converted,12,2026-01-07
548,Marilyn Sanchez,001-672-209-4841x312,jeremywillis@example.net,40,Marshallside,Data Analyst,Master's,Intermediate,Academic interest,Advertisement,Converted,4,2026-08-15
549,Amber Tyler,537-917-1731,ashley96@example.org,28,Watersborough,Teacher,Master's,Beginner,General curiosity,Cold Outreach,Not Interested,1,2026-01-09
550,Madison Campos,9466947258,joseph83@example.com,24,Ericahaven,Unemployed,Master's,None,Career change,Advertisement,Converted,12,2026-02-16
551,Jeremiah Rowland,(370)858-7722,cody75@example.net,23,East Kimberly,Software Engineer,Bachelor's,Intermediate,Employer requirement,Partner Organization,Converted,3,2026-05-05
552,Cindy Shaw,487-414-9392x52362,sue79@example.com,30,Jeremyview,Healthcare Professional,Bachelor's,Beginner,Academic interest,Advertisement,Not Interested,12,2026-01-21
553,Scott Torres,(845)855-7469,gillrichard@example.com,35,Debbieberg,Data Analyst,Bachelor's,None,Skill upgrade,Partner Organization,Converted,7,2026-04-18
554,Pamela Smith,001-533-544-5056x658,ggates@example.org,37,East Mark,Unemployed,Bachelor's,Beginner,Skill upgrade,Cold Outreach,Not Interested,9,2026-05-09
555,Nathan Harrison,3672349960,joshua57@example.com,24,South Dennisland,Finance Professional,Master's,Intermediate,Skill upgrade,Referral,Converted,3,2026-05-12
556,Reginald Gutierrez,(529)749-3817,angela40@example.org,28,Port Kristimouth,Unemployed,Bachelor's,Beginner,Skill upgrade,Referral,Converted,1,2026-07-19
557,Heather Mejia,001-232-457-3755x3449,mayronald@example.com,18,Port Allisonhaven,Data Analyst,Master's,None,General curiosity,Website,Not Interested,1,2026-03-05
558,Keith Forbes,458.374.9511x91818,mbishop@example.org,29,Meyersmouth,Software Engineer,Bachelor's,Beginner,General curiosity,Social Media,Not Interested,8,2026-06-12
559,Spencer Stevenson,+1-251-829-5786x0694,smithmarcus@example.org,22,Melissashire,Software Engineer,Bachelor's,Beginner,General curiosity,Advertisement,Converted,11,2026-04-13
560,Erin Ellis,+1-239-459-2323x42108,stephanie55@example.org,23,East Kevin,Finance Professional,Master's,Beginner,General curiosity,Referral,Not Interested,4,2026-02-15
561,Devin Mayer,550.827.1607,griffinraymond@example.org,35,Lawrenceville,Unemployed,Master's,Intermediate,Career change,Website,Not Interested,8,2026-03-03
562,Christopher Gentry,001-381-723-1795x5633,hscott@example.com,28,North Normanchester,Data Analyst,Bachelor's,Beginner,Starting a business,Advertisement,Converted,4,2025-12-23
563,Scott Gomez,516-443-1670x4502,andersoneric@example.net,24,Farmerton,Marketing Professional,Bachelor's,Intermediate,Career change,Advertisement,Not Interested,9,2026-04-15
564,Christine Singh,459-262-6228x2251,zharris@example.net,37,Reginaview,Data Analyst,Bachelor's,None,Academic interest,Website,Converted,2,2026-05-16
565,Alyssa Johnson,4704260869,smithphyllis@example.org,27,Mcneilville,Teacher,Bachelor's,Beginner,Career change,Partner Organization,Converted,10,2026-06-11
566,Julie Perry,+1-472-790-4774,summer17@example.com,26,East Jeffrey,Unemployed,Bachelor's,Intermediate,Employer requirement,Advertisement,Not Interested,5,2026-02-08
567,Tom Perez,416-649-1334,jennifer79@example.net,18,Kathleenberg,Software Engineer,Master's,Intermediate,Employer requirement,Social Media,Converted,8,2026-06-19
568,James Thomas,001-206-903-2020x3265,mmathews@example.net,26,Hayesborough,Healthcare Professional,Master's,Intermediate,Employer requirement,Advertisement,Not Interested,7,2026-03-21
569,Dennis Gonzales,001-648-355-2457x8715,ronald08@example.org,22,East Theresaville,Business Owner,Bachelor's,None,General curiosity,Event,Not Interested,3,2026-06-19
570,Micheal Martinez,(547)268-1826x832,jessicagomez@example.net,33,New Michelle,Software Engineer,Bachelor's,None,Skill upgrade,Social Media,Not Interested,3,2026-08-12
571,Rebecca Cox,482.852.1293,joshuahaley@example.com,37,Peterhaven,Healthcare Professional,Master's,Intermediate,Career change,Social Media,Converted,4,2026-06-01
572,Stephanie Mcdonald,(340)214-8439,etaylor@example.org,26,South Kristie,Healthcare Professional,PhD,Advanced,Skill upgrade,Advertisement,Converted,5,2026-06-03
573,Jeanne Lee,(613)742-6192x372,walshabigail@example.net,29,Port Courtneyfort,Product Manager,High School,None,General curiosity,Social Media,Not Interested,4,2026-03-01
574,Jeffrey Short,+1-697-321-5406,ksimmons@example.net,28,Blakebury,Data Analyst,Bachelor's,Beginner,Employer requirement,Advertisement,Not Interested,4,2026-06-15
575,Ann Dennis,+1-753-876-6014x448,tonya10@example.org,26,Sanchezfort,Teacher,High School,Beginner,Starting a business,Advertisement,Converted,10,2026-03-13
576,Jeffrey Baker,001-378-399-6986x09191,michaelchambers@example.net,22,Ochoaton,Unemployed,Bachelor's,Beginner,Employer requirement,Partner Organization,Converted,3,2026-04-22
577,Richard Phelps,001-280-766-0392,carterrobert@example.org,32,Atkinsonview,Healthcare Professional,Master's,Intermediate,Academic interest,Event,Converted,12,2026-05-31
578,Michael Gomez,747.805.7423,kimberly27@example.org,35,Michaelside,Business Owner,Master's,None,General curiosity,Partner Organization,Not Interested,1,2026-07-02
579,Sara Perez,711-965-9726x3475,kari25@example.org,28,East Bonniehaven,Data Analyst,Bachelor's,Beginner,Academic interest,Social Media,Not Interested,2,2026-02-03
580,Kristina Sherman,+1-826-691-3119,jenniferpatel@example.com,34,South Dale,Unemployed,Other,None,Academic interest,Event,Not Interested,10,2026-04-04
581,Robin Clay,999-515-3703x8240,johnperez@example.net,25,East Alexander,Product Manager,Bachelor's,Intermediate,Employer requirement,Website,Converted,7,2026-01-11
582,Alex Salazar,868.689.3628x969,linda46@example.com,49,Rachelbury,Marketing Professional,Bachelor's,Beginner,Skill upgrade,Event,Converted,4,2026-06-23
583,Howard Rubio,(753)389-2187,jenniferrobbins@example.net,50,South Joseph,Data Analyst,High School,Beginner,General curiosity,Partner Organization,Not Interested,8,2026-05-04
584,Julia Kim,001-761-920-8780,brycegomez@example.net,34,Ashleytown,Marketing Professional,PhD,Beginner,Starting a business,Cold Outreach,Not Interested,6,2026-05-09
585,Katherine Padilla,(863)474-8453,michelle90@example.net,30,Brianaland,Business Owner,Bachelor's,Beginner,Career change,Cold Outreach,Not Interested,10,2026-01-12
586,Kendra Cross,001-833-892-2071x5116,ihorton@example.com,37,North Larry,Unemployed,Master's,Beginner,Skill upgrade,Advertisement,Not Interested,8,2026-08-11
587,Jeffrey King,924-363-3515,andrew90@example.net,35,Lake Nathanielburgh,Business Owner,Bachelor's,Beginner,Starting a business,Partner Organization,Converted,3,2026-02-17
588,William Smith,564-709-9512x39728,wigginsrita@example.net,41,Audreymouth,Other,Master's,None,Academic interest,Event,Not Interested,1,2026-07-22
589,Sheryl Thompson,(370)790-8144,brittanyjackson@example.org,25,Leeberg,Teacher,Bachelor's,None,Academic interest,Website,Not Interested,6,2026-06-26
590,Tamara Pace DVM,+1-467-518-1535,zlopez@example.org,39,Brianfort,Product Manager,Bachelor's,Beginner,Academic interest,Cold Outreach,Converted,3,2026-06-21
591,Susan Zimmerman,001-818-515-8998,luke73@example.com,39,Powellfurt,Finance Professional,Bachelor's,Advanced,Skill upgrade,Referral,Not Interested,9,2026-02-11
592,Alexander Garcia,+1-279-564-7408,parkerbriana@example.net,30,Lake Lee,Software Engineer,Bachelor's,Intermediate,Career change,Cold Outreach,Converted,6,2026-04-25
593,Alfred Rasmussen,(335)980-6882x8503,patriciajoseph@example.org,38,South Jamie,Marketing Professional,Bachelor's,Advanced,General curiosity,Event,Not Interested,1,2026-07-17
594,Alexis Weeks,714.803.5263,moorecarol@example.net,18,Nicolechester,Healthcare Professional,Master's,None,General curiosity,Referral,Not Interested,4,2026-02-28
595,Michelle Barrera,234-860-6664x3749,dominguezshane@example.net,35,North Dana,Data Analyst,Bachelor's,None,Skill upgrade,Advertisement,Not Interested,11,2026-08-15
596,Steven Freeman,(685)624-6484,juarezralph@example.org,32,New Meghanborough,Teacher,High School,Intermediate,Academic interest,Website,Converted,6,2026-02-23
597,Zachary Harrison,813-706-2113,crodgers@example.net,25,Lake Sarahborough,Finance Professional,High School,Intermediate,Career change,Cold Outreach,Converted,9,2026-06-13
598,Misty Williams,8258425730,staceywagner@example.org,39,Lake James,Data Analyst,Bachelor's,Beginner,Academic interest,Social Media,Converted,12,2026-05-28
599,Jessica Savage,739-284-8228,cohenrobert@example.net,19,New Jennifermouth,Business Owner,Other,Advanced,Skill upgrade,Referral,Converted,11,2026-03-23
600,Charles Garcia,506.209.0691,smithmadison@example.com,23,Campbellfurt,Software Engineer,High School,None,Academic interest,Event,Converted,6,2026-08-04
601,Paul Vega,+1-445-877-2785x324,nicole50@example.com,29,Douglasmouth,Healthcare Professional,Bachelor's,Beginner,Starting a business,Advertisement,Converted,12,2026-05-14
602,Shawn Christian,(725)736-6677x7675,handerson@example.org,25,East Jennifer,Software Engineer,Bachelor's,Beginner,General curiosity,Event,Not Interested,4,2026-05-08
603,Tiffany Daniel,+1-957-686-5436x271,nwilliams@example.com,45,Lake Patrick,Teacher,Master's,Beginner,Career change,Referral,Not Interested,3,2026-06-16
604,Catherine Ramos,001-836-792-4926x932,vsanchez@example.org,19,Stewarthaven,Unemployed,Bachelor's,Beginner,Employer requirement,Social Media,Not Interested,8,2026-05-12
605,Sherri Lowe,510-400-5155,kylejones@example.net,30,Brandymouth,Healthcare Professional,Bachelor's,None,Skill upgrade,Cold Outreach,Not Interested,2,2026-01-20
606,Michael Roberts,882-422-6189,rgraves@example.net,32,North Elizabeth,Other,Master's,Intermediate,Academic interest,Referral,Converted,6,2026-01-06
607,Jeremy Campos,(967)467-2095,fshannon@example.net,26,Nicoleland,Other,Other,Beginner,General curiosity,Social Media,Not Interested,10,2026-03-24
608,Andrea Taylor,862-413-5415x9709,melissa38@example.com,25,South Lucasburgh,Finance Professional,Master's,Beginner,Academic interest,Event,Not Interested,7,2026-01-21
609,David Parker,265.204.7158x029,oscar76@example.com,23,Lake Emilyfurt,Finance Professional,Bachelor's,Beginner,General curiosity,Website,Not Interested,12,2026-02-17
610,Robert Nash,(765)325-4837x44171,cochranlinda@example.org,25,North Gregory,Student,High School,Intermediate,General curiosity,Advertisement,Not Interested,9,2026-06-07
611,Kenneth Young,910-705-9129,salazarbrian@example.org,31,Lake Sara,Business Owner,Master's,Beginner,Career change,Referral,Not Interested,5,2026-08-08
612,Nathan Davis,(933)601-6583x73792,ramoswilliam@example.org,44,East Jose,Unemployed,High School,Intermediate,General curiosity,Referral,Converted,5,2026-08-07
613,Laura Lopez,613-825-3269,jeffery45@example.net,18,New Adrian,Product Manager,Master's,Intermediate,Skill upgrade,Event,Not Interested,8,2026-07-09
614,Melinda Campbell,(310)917-5096,rowlandemily@example.com,27,Helenland,Teacher,Master's,Beginner,General curiosity,Referral,Not Interested,4,2026-02-27
615,Monica Flores,(275)774-7583x392,dmarshall@example.com,37,Fordmouth,Healthcare Professional,High School,Intermediate,Starting a business,Website,Not Interested,7,2026-03-10
616,Charles Christensen,(502)356-2650x62292,myersedward@example.com,29,North Tyler,Healthcare Professional,Master's,Advanced,Skill upgrade,Cold Outreach,Not Interested,5,2026-03-13
617,Ronald Nash,333-379-7662x705,janice94@example.org,26,New Sherry,Unemployed,Master's,None,Career change,Partner Organization,Not Interested,5,2026-01-12
618,Jennifer Smith,725-449-6919x2845,annette71@example.org,39,Woodbury,Business Owner,Master's,Beginner,Employer requirement,Social Media,Converted,3,2026-07-31
619,Gabriel Hall,574-585-9532x59399,belliott@example.com,47,South Karenmouth,Teacher,Master's,None,Starting a business,Advertisement,Converted,9,2026-06-12
620,John Morrison,001-241-776-3425x0733,mallory78@example.org,36,Suefort,Data Analyst,PhD,Beginner,Academic interest,Referral,Not Interested,3,2026-07-19
621,Miss Kimberly Holloway,+1-839-291-4038x8436,jose24@example.org,25,Lake Dawnchester,Business Owner,Bachelor's,Beginner,Starting a business,Website,Converted,6,2026-08-07
622,John Browning,(676)982-9751,brendamorris@example.org,49,North Mindyside,Healthcare Professional,Bachelor's,None,Skill upgrade,Event,Not Interested,5,2026-02-01
623,Charles Decker,(280)265-6259x0459,tylermcintosh@example.org,25,North Alexandra,Product Manager,Master's,Beginner,Academic interest,Website,Converted,9,2026-08-06
624,Cynthia Fischer,(851)465-1768x086,olsenshane@example.org,31,Jeremyton,Healthcare Professional,PhD,Intermediate,General curiosity,Cold Outreach,Not Interested,10,2026-07-12
625,Kristin Williams,001-837-800-3322x855,dixonkeith@example.org,45,Pierceton,Product Manager,Bachelor's,Intermediate,Academic interest,Referral,Not Interested,8,2026-02-22
626,Andrew Perez,605.619.5826x3280,william23@example.net,36,Matthewmouth,Data Analyst,Bachelor's,None,Academic interest,Partner Organization,Not Interested,6,2026-06-10
627,Jenna Santos,507.598.6321x061,marissa39@example.com,34,Stevenbury,Healthcare Professional,Master's,Beginner,Employer requirement,Advertisement,Not Interested,12,2026-05-02
628,Stacey King,404.903.2537x65769,shoffman@example.net,24,North Christina,Healthcare Professional,PhD,Beginner,Skill upgrade,Social Media,Converted,7,2026-07-15
629,Sarah Harvey,2407476921,debbiemaddox@example.net,40,Charleschester,Software Engineer,High School,Intermediate,Career change,Partner Organization,Converted,1,2026-03-08
630,Elizabeth Johnson,442-247-3107,millerjimmy@example.net,44,Josephshire,Other,Master's,None,General curiosity,Social Media,Not Interested,8,2026-03-11
631,Nicholas Hernandez,466-200-7676,douglassusan@example.com,30,Jenniferborough,Other,High School,Beginner,Academic interest,Website,Not Interested,12,2026-01-16
632,Allison Nelson,537.200.9687,michael95@example.com,33,Stephensstad,Software Engineer,Master's,Beginner,General curiosity,Advertisement,Converted,10,2026-04-28
633,Jacqueline Arnold,(755)662-9657,lisawalton@example.com,34,Wardchester,Product Manager,Bachelor's,None,Employer requirement,Event,Converted,4,2026-05-27
634,David Taylor,(477)482-0582x958,makaylasanders@example.com,40,New Amyhaven,Business Owner,Bachelor's,None,Employer requirement,Event,Converted,6,2026-05-23
635,Aaron Michael,+1-723-857-1558x68639,perezdawn@example.org,29,Lake Aaron,Data Analyst,Bachelor's,Beginner,Skill upgrade,Social Media,Not Interested,6,2026-08-04
636,Kathy Rodriguez,(514)236-4381,johnsondavid@example.org,37,North Jonville,Software Engineer,Bachelor's,None,General curiosity,Cold Outreach,Not Interested,4,2026-02-03
637,Hunter Powell,001-294-956-5346x997,portermichael@example.com,38,Callahanfurt,Marketing Professional,Master's,Intermediate,Academic interest,Referral,Converted,10,2026-02-19
638,Patricia Henderson,001-995-670-6071,millerjennifer@example.net,43,South Noahmouth,Finance Professional,Bachelor's,Beginner,Career change,Cold Outreach,Not Interested,1,2026-07-15
639,William Johnson,387-439-6102x9087,khill@example.com,29,West Brendahaven,Finance Professional,High School,Beginner,Skill upgrade,Social Media,Converted,6,2026-03-11
640,Steven Carter Jr.,495-861-2137x7306,turnerjeffrey@example.net,41,Perezmouth,Data Analyst,Bachelor's,None,Skill upgrade,Cold Outreach,Not Interested,4,2026-01-05
641,Tiffany Wilson,(822)299-0775,cynthia16@example.com,26,West Samuelchester,Software Engineer,Master's,None,Starting a business,Website,Not Interested,11,2026-01-25
642,Brandon Rich,+1-957-768-3210x21923,timothy29@example.com,31,New Bernardborough,Data Analyst,Other,Intermediate,General curiosity,Partner Organization,Converted,4,2026-02-17
643,Casey Miles,2506801849,luissanchez@example.com,22,East Elizabeth,Finance Professional,Bachelor's,Beginner,Academic interest,Cold Outreach,Not Interested,4,2026-03-22
644,Daniel Thompson,+1-381-422-8217,courtneygutierrez@example.net,30,Sharonview,Finance Professional,Bachelor's,Intermediate,Starting a business,Cold Outreach,Not Interested,4,2026-04-18
645,Paul Williams,460-535-6793x27986,tyler16@example.net,35,South Carlland,Business Owner,High School,Advanced,General curiosity,Event,Converted,6,2026-04-07
646,Paula Mejia,7546647548,ydixon@example.net,39,South Matthew,Other,Master's,Beginner,Employer requirement,Event,Converted,8,2026-03-19
647,Vanessa Patel,+1-514-744-4983x553,james58@example.net,23,Ramirezchester,Software Engineer,Bachelor's,Intermediate,Employer requirement,Cold Outreach,Not Interested,11,2026-08-14
648,Chelsea Austin,(443)358-8537,danielle39@example.net,26,Isaacfort,Healthcare Professional,Bachelor's,Beginner,Starting a business,Social Media,Converted,8,2026-01-23
649,James Love,001-378-852-4914,msmith@example.com,27,Gibsonside,Teacher,Bachelor's,Beginner,Career change,Partner Organization,Converted,2,2026-06-13
650,Destiny Bradley,840.767.9176,taylordavid@example.org,28,Port Chadville,Student,Bachelor's,Advanced,Career change,Event,Converted,10,2026-05-20
651,Debra Bowers,001-563-509-0015x9446,christineduncan@example.com,30,Maryberg,Healthcare Professional,Master's,Beginner,Employer requirement,Website,Converted,10,2026-08-06
652,Kevin Farmer,(663)989-0219,davismegan@example.org,35,South Chelsea,Unemployed,Master's,Intermediate,Employer requirement,Cold Outreach,Converted,8,2026-06-23
653,Tabitha Ramirez,5343699673,ortizsean@example.org,31,Jeffersonfurt,Finance Professional,Bachelor's,Intermediate,Employer requirement,Referral,Converted,12,2026-01-24
654,Phillip Harris,+1-776-485-5078x96793,burkeholly@example.com,30,Port Richard,Data Analyst,PhD,Beginner,Career change,Website,Not Interested,8,2026-07-08
655,Harry Hill,001-843-769-7093x170,parker76@example.net,35,Blankenshipland,Teacher,High School,Advanced,General curiosity,Advertisement,Converted,9,2026-08-04
656,Gregory Adams,772-223-9898x306,christophermoon@example.org,39,West Christianview,Healthcare Professional,PhD,Intermediate,Career change,Advertisement,Not Interested,1,2026-03-22
657,Edward Garrison,423-664-2813x190,kmcmahon@example.org,24,Port Susanland,Other,High School,None,Employer requirement,Partner Organization,Converted,4,2025-12-26
658,Brian Roth,(481)578-5228,nguyengeorge@example.com,30,New Williamton,Student,Master's,Advanced,Starting a business,Advertisement,Not Interested,4,2026-06-03
659,Christopher Harrison,(439)359-4737,fernandoobrien@example.org,34,South Derekport,Healthcare Professional,PhD,Intermediate,General curiosity,Partner Organization,Converted,4,2026-07-10
660,Robert Byrd,(888)468-7859x9648,cmartinez@example.org,20,New Virginiaport,Product Manager,Master's,Intermediate,General curiosity,Referral,Converted,9,2026-03-06
661,Tanner Reyes,650-857-3036x2792,douglaslester@example.com,28,Tommymouth,Product Manager,Bachelor's,Intermediate,Starting a business,Social Media,Converted,12,2026-07-27
662,Jacqueline Harris,(760)932-1450,beaton@example.org,43,Michaelhaven,Product Manager,PhD,Intermediate,General curiosity,Partner Organization,Converted,6,2026-04-26
663,Amanda Jarvis,215.253.4820x1284,crystalwatson@example.com,40,Cookmouth,Other,Master's,None,Employer requirement,Referral,Converted,8,2026-06-24
664,Gabriel Richardson,791.977.6808x98126,douglas31@example.net,47,Hillbury,Software Engineer,Other,Beginner,General curiosity,Event,Not Interested,7,2026-06-19
665,Eric Mckay,669.536.2689,ritterfrank@example.org,19,Jessicaland,Healthcare Professional,Bachelor's,Intermediate,Career change,Advertisement,Converted,12,2026-01-13
666,Thomas Martin,+1-771-417-5957x49885,linda33@example.org,34,Webbmouth,Unemployed,Bachelor's,Beginner,Starting a business,Advertisement,Not Interested,8,2026-03-22
667,Elizabeth Kaufman,(309)744-1283x3372,anewton@example.net,26,Kerrybury,Business Owner,Master's,Intermediate,Career change,Referral,Converted,7,2026-02-16
668,John Hebert,250-766-6267,david37@example.com,34,Chapmanfurt,Product Manager,Bachelor's,None,Academic interest,Referral,Not Interested,9,2026-05-10
669,David Sanchez,(352)395-9611,hernandezroy@example.org,45,North Aaron,Teacher,Bachelor's,None,Academic interest,Advertisement,Converted,6,2026-04-14
670,Casey Terrell,(259)210-2451x091,kristineprince@example.com,34,West Brittneyhaven,Product Manager,Bachelor's,None,General curiosity,Cold Outreach,Not Interested,10,2026-07-29
671,Lonnie Taylor,794.428.1793x406,wpatrick@example.net,32,Kellyfurt,Teacher,Bachelor's,Beginner,Employer requirement,Social Media,Not Interested,3,2026-04-28
672,Timothy Bauer,353-937-2201x0912,edwardjones@example.com,18,Bethfort,Data Analyst,Master's,Advanced,General curiosity,Cold Outreach,Converted,11,2026-05-06
673,Bryan Newman,+1-289-643-7052x63510,flopez@example.com,39,Bowersmouth,Marketing Professional,Bachelor's,Intermediate,Employer requirement,Website,Not Interested,8,2025-12-22
674,Robert Mcgee,001-465-292-0246x175,johnmunoz@example.com,42,Lake Henry,Software Engineer,Master's,Intermediate,Career change,Social Media,Converted,9,2026-07-01
675,Adam Ward,895-550-1783x32584,ucarrillo@example.org,18,Maynardshire,Student,Master's,None,Starting a business,Cold Outreach,Converted,2,2026-06-10
676,Kimberly Campos,9455069176,mary37@example.com,25,Patriciaton,Healthcare Professional,Bachelor's,None,General curiosity,Cold Outreach,Not Interested,10,2026-07-27
677,Mary Riley,(340)683-0373x6060,usmith@example.net,24,Kaylaton,Marketing Professional,High School,Intermediate,Skill upgrade,Website,Converted,4,2025-12-29
678,Kevin Ferguson MD,001-913-268-5283x06153,andersonkara@example.com,27,Lake Kelly,Software Engineer,Bachelor's,Advanced,Employer requirement,Advertisement,Converted,9,2026-02-13
679,Christopher Simmons,001-525-314-4881x1210,tammy17@example.com,33,New Katieside,Marketing Professional,Bachelor's,Beginner,Employer requirement,Partner Organization,Not Interested,7,2026-06-19
680,Bryan Contreras,315-315-2638x409,dustinmartin@example.net,27,South Vickie,Unemployed,High School,Intermediate,Skill upgrade,Referral,Not Interested,4,2026-04-04
681,Heather Peterson,(961)986-3239x7913,xmorris@example.org,32,North Shawntown,Healthcare Professional,High School,Advanced,Employer requirement,Social Media,Converted,9,2026-07-25
682,Alicia Beck,(356)405-7121x988,jsnyder@example.net,27,Davidton,Business Owner,Master's,Intermediate,Employer requirement,Advertisement,Not Interested,7,2026-01-14
683,Margaret Sanchez,+1-864-401-0424,matthew61@example.net,30,Charlesport,Marketing Professional,High School,Intermediate,Academic interest,Partner Organization,Converted,1,2026-03-13
684,Jennifer Johnson,752-712-8991x5114,whitejason@example.org,29,North Joshua,Business Owner,Bachelor's,None,Starting a business,Referral,Converted,6,2026-06-03
685,Krista Weaver,289-684-8416,vdavis@example.com,54,East Caseyshire,Product Manager,Master's,Beginner,Employer requirement,Advertisement,Converted,6,2026-02-06
686,Steven Williams,(468)314-2983x152,ruizjessica@example.org,25,Lake Susan,Unemployed,Master's,Beginner,Career change,Website,Not Interested,7,2026-03-10
687,Katrina Mayo,8845937830,hlee@example.com,38,Derekshire,Unemployed,Master's,Beginner,Employer requirement,Website,Not Interested,4,2025-12-31
688,Kenneth Adams,+1-416-449-7016x934,coffeyjohn@example.net,37,East Whitneyton,Marketing Professional,Master's,Advanced,General curiosity,Cold Outreach,Not Interested,6,2026-04-01
689,Melinda Anderson,341.790.3106,sergiothomas@example.net,42,Port Miguelchester,Healthcare Professional,Master's,Beginner,Career change,Website,Converted,12,2026-04-16
690,Joseph Hill,+1-232-836-5337x74604,ymoore@example.org,36,Warrenborough,Unemployed,Master's,Intermediate,General curiosity,Advertisement,Not Interested,12,2026-04-09
691,Stanley Taylor,926-507-8197x543,mary64@example.org,41,Walkerberg,Marketing Professional,Bachelor's,Intermediate,Starting a business,Advertisement,Not Interested,2,2026-01-01
692,David Tucker,388.621.4584,julie01@example.net,31,East Rachelview,Software Engineer,Master's,Intermediate,Starting a business,Social Media,Not Interested,9,2026-06-28
693,Norma Barnett,+1-299-782-7802,abradley@example.com,39,East Daniel,Product Manager,Bachelor's,None,Career change,Cold Outreach,Not Interested,3,2025-12-21
694,Phillip King,593-569-9951x679,brandon55@example.com,47,New Mathew,Product Manager,Bachelor's,Beginner,Starting a business,Website,Not Interested,3,2026-02-10
695,Tyler Smith,819-323-6037,beckertheresa@example.com,30,East Joann,Product Manager,Bachelor's,None,Skill upgrade,Event,Not Interested,7,2026-04-18
696,Brent Scott,001-561-349-7315,trujillokylie@example.net,46,North Thomas,Unemployed,High School,None,General curiosity,Website,Not Interested,1,2026-07-21
697,Christopher Todd,001-207-836-5118x9394,sarah78@example.net,33,North Joanne,Other,Bachelor's,None,Academic interest,Partner Organization,Converted,11,2026-05-29
698,Ms. Mary Lee,(930)223-3324,iperez@example.org,40,Lake Rhondaborough,Student,High School,None,Skill upgrade,Website,Not Interested,3,2026-02-03
699,Peter Juarez,+1-362-312-7602x50826,jasonhernandez@example.org,21,Perezburgh,Product Manager,Master's,None,Skill upgrade,Website,Converted,8,2026-01-02
700,Joseph Peters,+1-989-695-7298x93762,jorge30@example.org,18,Phillipsside,Data Analyst,Master's,None,Career change,Website,Converted,2,2026-07-05
701,Brandon Perkins,001-420-538-1876x920,johnwilliams@example.net,30,East Amberland,Marketing Professional,High School,Beginner,Starting a business,Social Media,Follow-up,1,2026-08-14
702,Joshua Green,982-320-6732x31829,ile@example.org,19,Stevenview,Student,Other,None,Academic interest,Cold Outreach,Contacted,6,2026-08-19
703,Gail Johnson MD,5009152911,gonzalespatricia@example.net,45,Briantown,Data Analyst,Bachelor's,Intermediate,Academic interest,Referral,Interested,6,2026-08-26
704,Virginia Edwards,+1-618-944-4218x29987,hernandezmadison@example.com,28,West Nicolaston,Software Engineer,Bachelor's,Intermediate,Academic interest,Cold Outreach,New,1,2026-09-13
705,Julie Williams,6044365515,hgray@example.org,38,Hernandezview,Student,High School,Beginner,Skill upgrade,Advertisement,New,12,2026-09-03
706,Wanda Wood,9542296080,aclark@example.net,18,Montgomerytown,Unemployed,Other,None,Skill upgrade,Social Media,New,4,2026-08-26
707,Paula Benton,222.610.4016x48188,suzanne28@example.com,33,Gilmorebury,Software Engineer,Master's,Intermediate,Academic interest,Partner Organization,Interested,10,2026-08-10
708,Jamie Gallagher,616.843.2126x94289,eric36@example.net,36,West Jennifer,Other,Master's,Beginner,Skill upgrade,Partner Organization,Contacted,9,2026-08-27
709,Jessica Garcia,001-841-570-6462x55402,matthew24@example.org,32,Lake Christopherfurt,Student,PhD,Intermediate,Career change,Event,Contacted,7,2026-09-03
710,Ricky Roy,798.480.3153x88824,sbishop@example.org,31,Benjaminton,Other,Master's,Beginner,Academic interest,Website,Contacted,11,2026-08-15
711,Doris Harris MD,001-953-984-9516x32111,stephenscatherine@example.org,26,New Christopher,Business Owner,Bachelor's,Advanced,Employer requirement,Advertisement,Contacted,7,2026-08-02
712,Katherine Taylor,+1-353-906-0119x8756,umaxwell@example.net,29,North Rhondaborough,Finance Professional,Bachelor's,Intermediate,Employer requirement,Advertisement,Follow-up,6,2026-09-07
713,Yolanda Johnson,556-818-2980,thomas74@example.net,19,Mackenzieville,Data Analyst,Master's,Intermediate,Skill upgrade,Website,Contacted,2,2026-08-12
714,Susan Rangel,+1-336-659-5201x491,ryanjeremiah@example.com,30,Coopertown,Other,Master's,None,Academic interest,Cold Outreach,Contacted,1,2026-08-02
715,Nicole Russell,(923)699-8213,matthew11@example.com,37,Lake Julieport,Finance Professional,High School,Intermediate,Academic interest,Referral,New,4,2026-09-09
716,Joshua Shepard,2503537666,francisronald@example.org,33,East Nancyton,Finance Professional,Master's,Beginner,Employer requirement,Cold Outreach,Contacted,11,2026-09-04
717,Christina Myers,+1-610-762-7153x123,brett68@example.net,21,South Ashley,Teacher,Bachelor's,Beginner,General curiosity,Social Media,New,5,2026-08-21
718,Dr. Jeff Hoffman,(693)284-4013,vdeleon@example.com,18,South Michelle,Data Analyst,Bachelor's,Beginner,Academic interest,Event,Contacted,7,2026-08-27
719,Nancy Rice,(703)335-9101x57090,justin20@example.net,22,Braunshire,Unemployed,Bachelor's,None,Employer requirement,Referral,Follow-up,12,2026-08-24
720,Jennifer Harper,001-996-399-6489,dustin59@example.com,33,East Mark,Software Engineer,Bachelor's,None,Starting a business,Website,Interested,7,2026-09-08
721,Alex Mason,299-832-3123x4266,branchthomas@example.com,40,South Kathryntown,Other,Bachelor's,Intermediate,Skill upgrade,Social Media,Contacted,8,2026-09-02
722,Carrie Lewis,+1-438-293-5953,maria56@example.net,33,East Rachelshire,Other,Master's,None,Academic interest,Advertisement,New,11,2026-09-04
723,Gloria Dunn,(869)858-2641,richard13@example.org,25,Stokesville,Student,Bachelor's,Intermediate,Skill upgrade,Website,New,8,2026-09-08
724,Melissa Thomas,885.495.1434,brianamejia@example.net,49,Connieton,Unemployed,Bachelor's,Beginner,Career change,Website,New,1,2026-09-14
725,Sandra Martin,001-530-308-6966x10168,barnettlisa@example.com,43,North Sierrafurt,Teacher,Master's,Beginner,Starting a business,Referral,Follow-up,8,2026-09-07
726,Lisa Ramirez,491-250-7628x3976,jeffrey44@example.org,31,Alexanderport,Business Owner,Other,Beginner,General curiosity,Event,Interested,7,2026-08-14
727,Anthony Hahn,(366)929-2508,dlivingston@example.org,31,Port Kimberlytown,Other,Master's,Intermediate,General curiosity,Advertisement,Interested,12,2026-08-10
728,Joseph Ferguson,733-437-3125,melvinwoodward@example.org,26,Stephensland,Student,Master's,None,Starting a business,Event,Follow-up,3,2026-08-08
729,Daniel Ferrell,(811)592-0613,david78@example.net,22,Nicholasborough,Software Engineer,Other,None,Career change,Advertisement,Contacted,11,2026-08-31
730,Benjamin Contreras,244-390-2950x2648,dhill@example.org,36,Harrisview,Data Analyst,Master's,None,Academic interest,Partner Organization,Contacted,9,2026-08-08
731,Jennifer Ferguson,(377)982-2102,curtislee@example.net,21,Jacksonside,Data Analyst,Bachelor's,Beginner,Career change,Social Media,Interested,5,2026-09-03
732,Ronald Mueller,+1-297-736-3831x82856,ashleycole@example.net,18,South Kristenshire,Data Analyst,Master's,Beginner,Academic interest,Event,Follow-up,7,2026-08-31
733,Mallory Powell,477-206-7368,kathy68@example.org,34,Lake Maryburgh,Unemployed,PhD,Beginner,Academic interest,Social Media,Interested,7,2026-08-28
734,Gregory Craig,865-405-8714,millskayla@example.org,30,New Dominicshire,Business Owner,PhD,Intermediate,Academic interest,Partner Organization,Contacted,9,2026-09-03
735,Jesus Wheeler,6892843699,davidsellers@example.com,24,New Heatherbury,Marketing Professional,Master's,Beginner,Academic interest,Website,Contacted,11,2026-08-18
736,Kimberly Proctor,+1-348-642-4959x881,shannon88@example.com,41,Lake Dianaland,Marketing Professional,Bachelor's,Intermediate,General curiosity,Social Media,Follow-up,6,2026-09-13
737,Christopher Woodard,(376)973-8209x7461,fbishop@example.com,38,Port Cindy,Product Manager,Bachelor's,Intermediate,Skill upgrade,Referral,Follow-up,11,2026-09-09
738,Katie Higgins,(725)289-3708,rschneider@example.net,29,West Brett,Data Analyst,Master's,None,General curiosity,Event,Interested,11,2026-09-03
739,Allen Kline,(466)795-7900x124,joseph28@example.com,30,Watkinsborough,Data Analyst,Master's,Beginner,Skill upgrade,Website,Follow-up,5,2026-08-26
740,Ronald Carr,(332)789-4633,fmartin@example.net,30,Jacobmouth,Unemployed,Bachelor's,Intermediate,Career change,Referral,Contacted,10,2026-09-06
741,Tara Thompson,562-392-6933x58951,bwood@example.net,45,Stonefurt,Data Analyst,Other,None,Academic interest,Advertisement,New,2,2026-08-29
742,Kristin Smith,974-943-0349x18911,brandonboyd@example.net,38,Brandiview,Other,PhD,Beginner,Career change,Website,Interested,10,2026-08-26
743,Angelica Diaz,(741)554-7155x3132,halvarez@example.org,23,Port Ronald,Teacher,Bachelor's,Intermediate,Academic interest,Partner Organization,New,8,2026-09-03
744,Amber Moyer,321-941-0527x698,jacobsmary@example.com,35,West Michaelbury,Other,Bachelor's,None,Academic interest,Advertisement,Interested,2,2026-08-27
745,Kelsey Gates,(862)925-8660x598,kramirez@example.org,30,Mccarthyhaven,Finance Professional,Bachelor's,Beginner,General curiosity,Partner Organization,Contacted,7,2026-08-15
746,Patrick Caldwell,+1-459-665-5942,poncelisa@example.com,55,Anthonytown,Student,Master's,None,Career change,Social Media,Follow-up,11,2026-08-15
747,Amanda Solis,(239)731-3215x513,timothy83@example.net,24,Petersburgh,Healthcare Professional,Bachelor's,Beginner,Academic interest,Social Media,Follow-up,5,2026-08-13
748,Diane Mitchell,689.866.9972x73677,samantharoberts@example.org,20,Port Lisa,Other,Bachelor's,Intermediate,Skill upgrade,Social Media,New,6,2026-08-13
749,Rhonda Rodriguez,(331)223-9204,frodgers@example.net,40,South Jose,Finance Professional,Bachelor's,Intermediate,Employer requirement,Cold Outreach,Contacted,1,2026-09-13
750,Mitchell Ford,4827768172,qmarshall@example.net,18,Annaview,Student,Bachelor's,None,Career change,Cold Outreach,New,8,2026-08-11
751,Mr. Scott Mcmahon,929-318-7683x16082,dthompson@example.net,31,East Scott,Product Manager,Bachelor's,Intermediate,Starting a business,Partner Organization,Interested,6,2026-08-06
752,Claudia Cunningham,001-520-852-2299,stephanieoconnor@example.com,27,Lake Kevinside,Product Manager,High School,Advanced,Skill upgrade,Advertisement,New,4,2026-08-17
753,Cynthia Jackson,+1-953-998-3584x4617,evanlong@example.org,33,New Marvinview,Unemployed,Bachelor's,Beginner,Skill upgrade,Referral,Interested,4,2026-09-12
754,Tiffany Jimenez,001-312-479-9702x927,riveraelizabeth@example.net,43,Wolffort,Data Analyst,Master's,Intermediate,Career change,Cold Outreach,Contacted,4,2026-08-04
755,Cindy Zimmerman,529-488-3220x12560,warejoseph@example.net,35,Obrienmouth,Finance Professional,High School,None,Skill upgrade,Partner Organization,Contacted,11,2026-08-18
756,Katie Carroll,(235)685-2386x003,joel61@example.net,26,Danielland,Student,Bachelor's,Beginner,General curiosity,Social Media,New,9,2026-08-26
757,Shane Finley,001-991-602-9295x0143,brianmorrow@example.org,48,Gayland,Product Manager,High School,Beginner,Skill upgrade,Website,Interested,2,2026-09-02
758,Kevin Davis,326-902-2132,qowens@example.org,23,North Catherineland,Marketing Professional,Bachelor's,None,Career change,Cold Outreach,Follow-up,9,2026-08-20
759,James Garcia,(901)590-7258,sarafrancis@example.org,18,West Ashleychester,Unemployed,PhD,Beginner,Starting a business,Social Media,New,4,2026-09-13
760,Daniel Smith,(374)681-2421,clarkefelicia@example.net,21,West Michelle,Product Manager,Bachelor's,Intermediate,Skill upgrade,Website,New,7,2026-08-09
761,Erin Taylor,+1-546-720-9355x610,kimberlysilva@example.org,19,East Tanyaville,Business Owner,High School,Intermediate,Employer requirement,Social Media,Contacted,2,2026-09-11
762,Connor Mcconnell,+1-658-356-4230,anthonybranch@example.org,22,Martinezburgh,Teacher,Bachelor's,Intermediate,Employer requirement,Partner Organization,Interested,2,2026-08-24
763,Justin Ramirez,(299)807-1669,davidheath@example.net,28,West Luisburgh,Teacher,Master's,Intermediate,Academic interest,Event,Follow-up,4,2026-08-28
764,Melinda May,840.930.1095,yrichardson@example.com,29,West Scottstad,Finance Professional,Master's,Intermediate,Starting a business,Social Media,New,12,2026-09-07
765,Jeffery Thompson,347.212.4760,hammondlaura@example.net,37,North Jaredchester,Student,Master's,Beginner,Starting a business,Social Media,Contacted,7,2026-09-02
766,Ashlee Ross,001-417-226-8080x81571,mccannjanet@example.com,43,East Williamchester,Student,Bachelor's,None,Academic interest,Event,New,10,2026-09-15
767,David Murray,651.504.5847,tthompson@example.org,40,North Annetteburgh,Software Engineer,High School,Intermediate,Career change,Social Media,New,5,2026-08-24
768,Scott Rhodes,566.594.7031x805,zmoore@example.com,31,Maryfurt,Software Engineer,Bachelor's,None,General curiosity,Partner Organization,Interested,9,2026-09-10
769,Chase Gomez,883-827-0004,fischerlaura@example.org,34,Chapmanmouth,Data Analyst,Master's,Beginner,Skill upgrade,Website,New,12,2026-09-06
770,David Smith,+1-349-738-8194x9053,bobbybishop@example.net,28,Port Brittanyfort,Business Owner,Bachelor's,None,Starting a business,Advertisement,Interested,11,2026-08-16
771,Jennifer Obrien,331.837.9716x6984,jmoses@example.org,38,Mitchellton,Finance Professional,Bachelor's,None,General curiosity,Advertisement,Contacted,8,2026-08-17
772,Mr. David Rivas,001-256-323-8994x99197,frederick62@example.org,22,South Brent,Healthcare Professional,Bachelor's,Beginner,Employer requirement,Website,New,1,2026-09-11
773,Stuart Richard,316-502-0418,gabrielle99@example.net,26,Lesterville,Other,Master's,Advanced,Employer requirement,Advertisement,Contacted,12,2026-08-05
774,Jeremy Johnson,+1-689-648-0186,eugenemartinez@example.com,25,New Tonya,Data Analyst,Other,Intermediate,Academic interest,Referral,New,5,2026-09-01
775,Jacqueline Randolph,+1-720-904-8067,poolehector@example.org,31,Elliottport,Unemployed,Master's,Intermediate,General curiosity,Event,Follow-up,10,2026-09-15
776,Anna Wong,428-979-4296,qlane@example.com,38,West Bradleystad,Teacher,Bachelor's,Beginner,Starting a business,Website,Interested,5,2026-09-09
777,Bruce Conway,596-415-6078,zmitchell@example.net,25,West Jennifer,Student,Master's,Advanced,Academic interest,Advertisement,New,8,2026-09-01
778,Richard Stevens,+1-862-240-9649x66834,shawn42@example.org,35,Smithside,Marketing Professional,PhD,Beginner,Academic interest,Advertisement,Interested,5,2026-08-26
779,James Moore,(693)864-8820x893,christinabeard@example.org,40,Randallberg,Healthcare Professional,Bachelor's,Beginner,Academic interest,Website,Contacted,11,2026-08-05
780,Nicole Wallace DDS,(509)811-4131x93592,hallthomas@example.com,46,West Jacobbury,Product Manager,Other,None,Academic interest,Cold Outreach,Contacted,3,2026-08-24
781,David Hawkins,465-602-5447,jensenroy@example.net,37,Port Jamesport,Finance Professional,Bachelor's,Intermediate,General curiosity,Referral,Contacted,8,2026-08-29
782,Richard Butler,277-218-2498,jmurray@example.org,18,West Christopherview,Product Manager,Master's,Intermediate,Academic interest,Partner Organization,Contacted,11,2026-08-29
783,Ryan Garcia,559.826.6486,gcollins@example.com,37,Haleyland,Software Engineer,Bachelor's,None,Skill upgrade,Social Media,Contacted,1,2026-08-17
784,Kevin Werner,+1-701-319-2920x75360,wellsroberto@example.net,27,East Marissaside,Marketing Professional,Master's,Intermediate,Career change,Advertisement,Contacted,10,2026-08-03
785,Kristi Foster,(953)262-1894x55906,johnsondiana@example.net,43,Lindsayport,Healthcare Professional,Bachelor's,Beginner,Skill upgrade,Website,New,3,2026-08-30
786,Lauren White,666-448-9667x6056,wilkinssarah@example.com,18,Grimesfort,Software Engineer,Bachelor's,Beginner,Starting a business,Social Media,Follow-up,2,2026-09-15
787,Gina Stafford,001-874-453-3890,melodywood@example.com,39,Loganburgh,Other,High School,Intermediate,Skill upgrade,Cold Outreach,New,8,2026-08-03
788,Gabrielle Roberts,865-499-5300,davidhernandez@example.org,42,Pattersonfort,Teacher,PhD,Intermediate,Skill upgrade,Partner Organization,Contacted,1,2026-08-18
789,Kara Morales,001-659-816-0112x41158,smithrebecca@example.net,29,North Thomashaven,Unemployed,Bachelor's,Beginner,General curiosity,Event,Contacted,6,2026-08-23
790,Mrs. Kathleen Hansen,912.499.5704,ksparks@example.net,37,Jonesville,Marketing Professional,Bachelor's,Beginner,Starting a business,Social Media,Contacted,5,2026-08-29
791,Amy Rice,275.936.5968,terri25@example.com,32,West David,Student,Bachelor's,Beginner,Employer requirement,Partner Organization,Follow-up,4,2026-08-31
792,Melissa Hall,545-340-0644x54752,taylorjames@example.net,53,Mitchellside,Software Engineer,Master's,Beginner,Employer requirement,Social Media,New,5,2026-08-22
793,Nancy Rowland,+1-891-477-6334x27203,hurstmichael@example.org,35,Port Melaniefurt,Finance Professional,Bachelor's,Intermediate,Skill upgrade,Event,Interested,2,2026-09-03
794,Samantha Scott,001-530-769-3588x249,nicolesmith@example.net,33,New Cesarfurt,Unemployed,Other,Beginner,Starting a business,Partner Organization,New,10,2026-09-08
795,Jonathan Palmer,665-824-4454,petersenjason@example.net,32,Haleyfort,Software Engineer,Bachelor's,Intermediate,Employer requirement,Social Media,Interested,2,2026-08-30
796,Claudia Bush,+1-910-653-9128,klara@example.net,24,Mcneilhaven,Healthcare Professional,Bachelor's,None,Employer requirement,Referral,Interested,8,2026-08-21
797,Brittney Tanner,001-490-645-7927x147,zhall@example.org,49,Pageburgh,Finance Professional,Bachelor's,Intermediate,Career change,Social Media,Contacted,9,2026-08-05
798,Tanner Decker,+1-939-272-8339x1218,kmora@example.net,39,East Zachary,Unemployed,Master's,Advanced,General curiosity,Partner Organization,Follow-up,2,2026-08-15
799,Amber Lane,422.210.1023,brownalexa@example.com,26,Grayton,Product Manager,High School,None,Career change,Referral,Interested,2,2026-08-31
800,Katie Welch,+1-287-561-0814x35614,sarah31@example.net,18,Port Timothychester,Product Manager,Master's,Beginner,Career change,Website,New,12,2026-08-31
